timestamp_utc,timestamp_local,trip_id,trip_sequence,session_odometer,engine_state,drive_phase,rpm,coolant_temp_c,boost_actual_kpa,vehicle_speed_kph,engine_load_pct,throttle_pos_pct,stft_pct,ltft_pct,maf_g_s,intake_air_temp_c,oil_temp_c,battery_voltage_v,baro_pressure_kpa,fuel_trim_sum,boost_target_kpa,boost_delta_kpa,turbo_inlet_pres,oil_pressure_kpa,raw_pid,raw_response,decode_status,sample_tier,fw_version,vin_partial
2026-05-09T15:16:21,2026-05-09T10:16:21,no_trip,1,0.0,cold_start,idle,,,,,,,,,,,,,,,,,,,010B,NO DATA,no_data,critical,0.1.0,344148
2026-05-09T15:16:21,2026-05-09T10:16:21,no_trip,2,0.0,cold_start,idle,,,,,,,,,,,,,,,,,,,010D,STOPPED,error,critical,0.1.0,344148
2026-05-09T15:16:24,2026-05-09T10:16:24,no_trip,3,0.0,cold_start,idle,,,,,,,,,,,,,,,,,,,0105,NO DATA,no_data,critical,0.1.0,344148
2026-05-09T15:16:24,2026-05-09T10:16:24,no_trip,4,0.0,cold_start,idle,,,,,,,,,,,,,,,,,,,010C,STOPPED,error,critical,0.1.0,344148
2026-05-09T15:16:28,2026-05-09T10:16:28,no_trip,5,0.0,cold_start,idle,,,,,,,,,,,,,,,,,,,010B,NO DATA,no_data,critical,0.1.0,344148
2026-05-09T15:16:28,2026-05-09T10:16:28,no_trip,6,0.0,cold_start,idle,,,,,,,,,,,,,,,,,,,010D,STOPPED,error,critical,0.1.0,344148
2026-05-09T15:16:31,2026-05-09T10:16:31,no_trip,7,0.0,cold_start,idle,,,,,,,,,,,,,,,,,,,0105,NO DATA,no_data,critical,0.1.0,344148
2026-05-09T15:16:31,2026-05-09T10:16:31,no_trip,8,0.0,cold_start,idle,,,,,,,,,,,,,,,,,,,010C,STOPPED,error,critical,0.1.0,344148
2026-05-09T15:16:35,2026-05-09T10:16:35,no_trip,9,0.0,cold_start,idle,,,,,,,,,,,,,,,,,,,010B,NO DATA,no_data,critical,0.1.0,344148
2026-05-09T15:16:35,2026-05-09T10:16:35,no_trip,10,0.0,cold_start,idle,,,,,,,,,,,,,,,,,,,010D,STOPPED,error,critical,0.1.0,344148
2026-05-09T15:16:38,2026-05-09T10:16:38,no_trip,11,0.0,cold_start,idle,,,,,,,,,,,,,,,,,,,0105,NO DATA,no_data,critical,0.1.0,344148
2026-05-09T15:16:38,2026-05-09T10:16:38,no_trip,12,0.0,cold_start,idle,,,,,,,,,,,,,,,,,,,010C,STOPPED,error,critical,0.1.0,344148
2026-05-09T15:16:42,2026-05-09T10:16:42,no_trip,13,0.0,cold_start,idle,,,,,,,,,,,,,,,,,,,010B,NO DATA,no_data,critical,0.1.0,344148
2026-05-09T15:16:42,2026-05-09T10:16:42,no_trip,14,0.0,cold_start,idle,,,,,,,,,,,,,,,,,,,010D,STOPPED,error,critical,0.1.0,344148
2026-05-09T15:16:45,2026-05-09T10:16:45,no_trip,15,0.0,cold_start,idle,,,,,,,,,,,,,,,,,,,0105,NO DATA,no_data,critical,0.1.0,344148
2026-05-09T15:16:45,2026-05-09T10:16:45,no_trip,16,0.0,cold_start,idle,,,,,,,,,,,,,,,,,,,010C,STOPPED,error,critical,0.1.0,344148
2026-05-09T15:16:49,2026-05-09T10:16:49,no_trip,17,0.0,cold_start,idle,,,,,,,,,,,,,,,,,,,010B,NO DATA,no_data,critical,0.1.0,344148
2026-05-09T15:16:49,2026-05-09T10:16:49,no_trip,18,0.0,cold_start,idle,,,,,,,,,,,,,,,,,,,010D,STOPPED,error,critical,0.1.0,344148
2026-05-09T15:16:52,2026-05-09T10:16:52,no_trip,19,0.0,cold_start,idle,,,,,,,,,,,,,,,,,,,0105,NO DATA,no_data,critical,0.1.0,344148
2026-05-09T15:16:52,2026-05-09T10:16:52,no_trip,20,0.0,cold_start,idle,,,,,,,,,,,,,,,,,,,010C,STOPPED,error,critical,0.1.0,344148
2026-05-09T15:16:56,2026-05-09T10:16:56,no_trip,21,0.0,cold_start,idle,,,,,,,,,,,,,,,,,,,010B,NO DATA,no_data,critical,0.1.0,344148
2026-05-09T15:16:56,2026-05-09T10:16:56,no_trip,22,0.0,cold_start,idle,,,,,,,,,,,,,,,,,,,010D,STOPPED,error,critical,0.1.0,344148
2026-05-09T15:16:59,2026-05-09T10:16:59,no_trip,23,0.0,cold_start,idle,,,,,,,,,,,,,,,,,,,0105,NO DATA,no_data,critical,0.1.0,344148
2026-05-09T15:16:59,2026-05-09T10:16:59,no_trip,24,0.0,cold_start,idle,,,,,,,,,,,,,,,,,,,010C,STOPPED,error,critical,0.1.0,344148
2026-05-09T15:17:03,2026-05-09T10:17:03,no_trip,25,0.0,cold_start,idle,,,,,,,,,,,,,,,,,,,010B,NO DATA,no_data,critical,0.1.0,344148
2026-05-09T15:17:03,2026-05-09T10:17:03,no_trip,26,0.0,cold_start,idle,,,,,,,,,,,,,,,,,,,010D,STOPPED,error,critical,0.1.0,344148
2026-05-09T15:17:06,2026-05-09T10:17:06,no_trip,27,0.0,cold_start,idle,,,,,,,,,,,,,,,,,,,0105,NO DATA,no_data,critical,0.1.0,344148
2026-05-09T15:17:06,2026-05-09T10:17:06,no_trip,28,0.0,cold_start,idle,,,,,,,,,,,,,,,,,,,010C,STOPPED,error,critical,0.1.0,344148
2026-05-09T15:17:10,2026-05-09T10:17:10,no_trip,29,0.0,cold_start,idle,,,,,,,,,,,,,,,,,,,010B,NO DATA,no_data,critical,0.1.0,344148
2026-05-09T15:17:10,2026-05-09T10:17:10,no_trip,30,0.0,cold_start,idle,,,,,,,,,,,,,,,,,,,010D,STOPPED,error,critical,0.1.0,344148
2026-05-09T15:17:13,2026-05-09T10:17:13,no_trip,31,0.0,cold_start,idle,,,,,,,,,,,,,,,,,,,0105,NO DATA,no_data,critical,0.1.0,344148
2026-05-09T15:17:13,2026-05-09T10:17:13,no_trip,32,0.0,cold_start,idle,,,,,,,,,,,,,,,,,,,010C,STOPPED,error,critical,0.1.0,344148
2026-05-09T15:17:17,2026-05-09T10:17:17,no_trip,33,0.0,cold_start,idle,,,,,,,,,,,,,,,,,,,010B,NO DATA,no_data,critical,0.1.0,344148
2026-05-09T15:17:17,2026-05-09T10:17:17,no_trip,34,0.0,cold_start,idle,,,,,,,,,,,,,,,,,,,010D,STOPPED,error,critical,0.1.0,344148
2026-05-09T15:17:20,2026-05-09T10:17:20,no_trip,35,0.0,cold_start,idle,,,,,,,,,,,,,,,,,,,0105,NO DATA,no_data,critical,0.1.0,344148
2026-05-09T15:17:20,2026-05-09T10:17:20,no_trip,36,0.0,cold_start,idle,,,,,,,,,,,,,,,,,,,010C,STOPPED,error,critical,0.1.0,344148
2026-05-09T15:17:24,2026-05-09T10:17:24,no_trip,37,0.0,cold_start,idle,,,,,,,,,,,,,,,,,,,010B,NO DATA,no_data,critical,0.1.0,344148
2026-05-09T15:17:24,2026-05-09T10:17:24,no_trip,38,0.0,cold_start,idle,,,,,,,,,,,,,,,,,,,010D,STOPPED,error,critical,0.1.0,344148
2026-05-09T15:17:27,2026-05-09T10:17:27,no_trip,39,0.0,cold_start,idle,,,,,,,,,,,,,,,,,,,0105,NO DATA,no_data,critical,0.1.0,344148
2026-05-09T15:17:27,2026-05-09T10:17:27,no_trip,40,0.0,cold_start,idle,,,,,,,,,,,,,,,,,,,010C,STOPPED,error,critical,0.1.0,344148
2026-05-09T15:17:31,2026-05-09T10:17:31,no_trip,41,0.0,cold_start,idle,,,,,,,,,,,,,,,,,,,010B,NO DATA,no_data,critical,0.1.0,344148
2026-05-09T15:17:31,2026-05-09T10:17:31,no_trip,42,0.0,cold_start,idle,,,,,,,,,,,,,,,,,,,010D,STOPPED,error,critical,0.1.0,344148
2026-05-09T15:17:34,2026-05-09T10:17:34,no_trip,43,0.0,cold_start,idle,,,,,,,,,,,,,,,,,,,0105,NO DATA,no_data,critical,0.1.0,344148
2026-05-09T15:17:34,2026-05-09T10:17:34,no_trip,44,0.0,cold_start,idle,,,,,,,,,,,,,,,,,,,010C,STOPPED,error,critical,0.1.0,344148
2026-05-09T15:17:38,2026-05-09T10:17:38,no_trip,45,0.0,cold_start,idle,,,,,,,,,,,,,,,,,,,010B,NO DATA,no_data,critical,0.1.0,344148
2026-05-09T15:17:38,2026-05-09T10:17:38,no_trip,46,0.0,cold_start,idle,,,,,,,,,,,,,,,,,,,010D,STOPPED,error,critical,0.1.0,344148
2026-05-09T15:17:38,2026-05-09T10:17:38,no_trip,47,0.0,cold_start,idle,,,,,,,,,,,,,,,,,,,0105,SEARCHING...NO DATA,no_data,critical,0.1.0,344148
2026-05-09T15:17:38,2026-05-09T10:17:38,no_trip,48,0.0,cold_start,idle,,,,,,,,,,,,,,,,,,,010C,NO DATA,no_data,critical,0.1.0,344148
2026-05-09T15:17:40,2026-05-09T10:17:40,no_trip,49,0.0,cold_start,idle,,,,,,,,,,,,,,,,,,,010B,NO DATA,no_data,critical,0.1.0,344148
2026-05-09T15:17:40,2026-05-09T10:17:40,no_trip,50,0.0,cold_start,idle,,,,,,,,,,,,,,,,,,,010D,NO DATA,no_data,critical,0.1.0,344148
2026-05-09T15:17:41,2026-05-09T10:17:41,no_trip,51,0.0,cold_start,idle,,,,,,,,,,,,,,,,,,,0105,NO DATA,no_data,critical,0.1.0,344148
2026-05-09T15:17:41,2026-05-09T10:17:41,no_trip,52,0.0,cold_start,idle,,,,,,,,,,,,,,,,,,,010C,NO DATA,no_data,critical,0.1.0,344148
2026-05-09T15:17:42,2026-05-09T10:17:42,no_trip,53,0.0,cold_start,idle,,,,,,,,,,,,,,,,,,,010B,NO DATA,no_data,critical,0.1.0,344148
2026-05-09T15:17:42,2026-05-09T10:17:42,no_trip,54,0.0,cold_start,idle,,,,,,,,,,,,,,,,,,,010D,NO DATA,no_data,critical,0.1.0,344148
2026-05-09T15:17:43,2026-05-09T10:17:43,no_trip,55,0.0,cold_start,idle,,,,,,,,,,,,,,,,,,,0105,NO DATA,no_data,critical,0.1.0,344148
2026-05-09T15:17:43,2026-05-09T10:17:43,no_trip,56,0.0,cold_start,idle,,,,,,,,,,,,,,,,,,,010C,NO DATA,no_data,critical,0.1.0,344148
2026-05-09T15:17:44,2026-05-09T10:17:44,no_trip,57,0.0,cold_start,idle,,,,,,,,,,,,,,,,,,,010B,NO DATA,no_data,critical,0.1.0,344148
2026-05-09T15:17:44,2026-05-09T10:17:44,no_trip,58,0.0,cold_start,idle,,,,,,,,,,,,,,,,,,,010D,NO DATA,no_data,critical,0.1.0,344148
2026-05-09T15:17:45,2026-05-09T10:17:45,no_trip,59,0.0,cold_start,idle,,,,,,,,,,,,,,,,,,,0105,NO DATA,no_data,critical,0.1.0,344148
2026-05-09T15:17:45,2026-05-09T10:17:45,no_trip,60,0.0,cold_start,idle,,,,,,,,,,,,,,,,,,,010C,NO DATA,no_data,critical,0.1.0,344148
2026-05-09T15:17:46,2026-05-09T10:17:46,no_trip,61,0.0,cold_start,idle,,,,,,,,,,,,,,,,,,,010B,NO DATA,no_data,critical,0.1.0,344148
2026-05-09T15:17:46,2026-05-09T10:17:46,no_trip,62,0.0,cold_start,idle,,,,,,,,,,,,,,,,,,,010D,NO DATA,no_data,critical,0.1.0,344148
2026-05-09T15:17:47,2026-05-09T10:17:47,no_trip,63,0.0,cold_start,idle,,,,,,,,,,,,,,,,,,,0105,NO DATA,no_data,critical,0.1.0,344148
2026-05-09T15:17:47,2026-05-09T10:17:47,no_trip,64,0.0,cold_start,idle,,,,,,,,,,,,,,,,,,,010C,NO DATA,no_data,critical,0.1.0,344148
2026-05-09T15:17:48,2026-05-09T10:17:48,no_trip,65,0.0,cold_start,idle,,,,,,,,,,,,,,,,,,,010B,NO DATA,no_data,critical,0.1.0,344148
2026-05-09T15:17:49,2026-05-09T10:17:49,no_trip,66,0.0,cold_start,idle,,,,,,,,,,,,,,,,,,,010D,NO DATA,no_data,critical,0.1.0,344148
2026-05-09T15:17:49,2026-05-09T10:17:49,no_trip,67,0.0,cold_start,idle,,,,,,,,,,,,,,,,,,,0105,NO DATA,no_data,critical,0.1.0,344148
2026-05-09T15:17:49,2026-05-09T10:17:49,no_trip,68,0.0,cold_start,idle,,,,,,,,,,,,,,,,,,,010C,NO DATA,no_data,critical,0.1.0,344148
2026-05-09T15:17:50,2026-05-09T10:17:50,no_trip,69,0.0,cold_start,idle,,,,,,,,,,,,,,,,,,,010B,NO DATA,no_data,critical,0.1.0,344148
2026-05-09T15:17:51,2026-05-09T10:17:51,no_trip,70,0.0,cold_start,idle,,,,,,,,,,,,,,,,,,,010D,NO DATA,no_data,critical,0.1.0,344148
2026-05-09T15:17:51,2026-05-09T10:17:51,no_trip,71,0.0,cold_start,idle,,,,,,,,,,,,,,,,,,,0105,NO DATA,no_data,critical,0.1.0,344148
2026-05-09T15:17:51,2026-05-09T10:17:51,no_trip,72,0.0,cold_start,idle,,,,,,,,,,,,,,,,,,,010C,NO DATA,no_data,critical,0.1.0,344148
2026-05-09T15:17:52,2026-05-09T10:17:52,no_trip,73,0.0,cold_start,idle,,,,,,,,,,,,,,,,,,,010B,NO DATA,no_data,critical,0.1.0,344148
2026-05-09T15:17:53,2026-05-09T10:17:53,no_trip,74,0.0,cold_start,idle,,,,,,,,,,,,,,,,,,,010D,NO DATA,no_data,critical,0.1.0,344148
2026-05-09T15:17:53,2026-05-09T10:17:53,no_trip,75,0.0,cold_start,idle,,,,,,,,,,,,,,,,,,,0105,NO DATA,no_data,critical,0.1.0,344148
2026-05-09T15:17:53,2026-05-09T10:17:53,no_trip,76,0.0,cold_start,idle,,,,,,,,,,,,,,,,,,,010C,NO DATA,no_data,critical,0.1.0,344148
2026-05-09T15:17:54,2026-05-09T10:17:54,no_trip,77,0.0,cold_start,idle,,,,,,,,,,,,,,,,,,,010B,NO DATA,no_data,critical,0.1.0,344148
2026-05-09T15:17:55,2026-05-09T10:17:55,no_trip,78,0.0,cold_start,idle,,,,,,,,,,,,,,,,,,,010D,NO DATA,no_data,critical,0.1.0,344148
2026-05-09T15:17:55,2026-05-09T10:17:55,no_trip,79,0.0,cold_start,idle,,,,,,,,,,,,,,,,,,,0105,NO DATA,no_data,critical,0.1.0,344148
2026-05-09T15:17:55,2026-05-09T10:17:55,no_trip,80,0.0,cold_start,idle,,,,,,,,,,,,,,,,,,,010C,NO DATA,no_data,critical,0.1.0,344148
2026-05-09T15:17:57,2026-05-09T10:17:57,no_trip,81,0.0,cold_start,idle,,,,,,,,,,,,,,,,,,,010B,NO DATA,no_data,critical,0.1.0,344148
2026-05-09T15:17:57,2026-05-09T10:17:57,no_trip,82,0.0,cold_start,idle,,,,,,,,,,,,,,,,,,,010D,NO DATA,no_data,critical,0.1.0,344148
2026-05-09T15:17:57,2026-05-09T10:17:57,no_trip,83,0.0,cold_start,idle,,,,,,,,,,,,,,,,,,,0105,NO DATA,no_data,critical,0.1.0,344148
2026-05-09T15:17:57,2026-05-09T10:17:57,no_trip,84,0.0,cold_start,idle,,,,,,,,,,,,,,,,,,,010C,NO DATA,no_data,critical,0.1.0,344148
2026-05-09T15:17:59,2026-05-09T10:17:59,no_trip,85,0.0,cold_start,idle,,,,,,,,,,,,,,,,,,,010B,NO DATA,no_data,critical,0.1.0,344148
2026-05-09T15:17:59,2026-05-09T10:17:59,no_trip,86,0.0,cold_start,idle,,,,,,,,,,,,,,,,,,,010D,NO DATA,no_data,critical,0.1.0,344148
2026-05-09T15:17:59,2026-05-09T10:17:59,no_trip,87,0.0,cold_start,idle,,,,,,,,,,,,,,,,,,,0105,NO DATA,no_data,critical,0.1.0,344148
2026-05-09T15:17:59,2026-05-09T10:17:59,no_trip,88,0.0,cold_start,idle,,,,,,,,,,,,,,,,,,,010C,NO DATA,no_data,critical,0.1.0,344148
2026-05-09T15:18:01,2026-05-09T10:18:01,no_trip,89,0.0,cold_start,idle,,,,,,,,,,,,,,,,,,,010B,NO DATA,no_data,critical,0.1.0,344148
2026-05-09T15:18:01,2026-05-09T10:18:01,no_trip,90,0.0,cold_start,idle,,,,,,,,,,,,,,,,,,,010D,NO DATA,no_data,critical,0.1.0,344148
2026-05-09T15:18:01,2026-05-09T10:18:01,no_trip,91,0.0,cold_start,idle,,,,,,,,,,,,,,,,,,,0105,NO DATA,no_data,critical,0.1.0,344148
2026-05-09T15:18:02,2026-05-09T10:18:02,no_trip,92,0.0,cold_start,idle,,,,,,,,,,,,,,,,,,,010C,NO DATA,no_data,critical,0.1.0,344148
2026-05-09T15:18:03,2026-05-09T10:18:03,no_trip,93,0.0,cold_start,idle,,,,,,,,,,,,,,,,,,,010B,NO DATA,no_data,critical,0.1.0,344148
2026-05-09T15:18:03,2026-05-09T10:18:03,no_trip,94,0.0,cold_start,idle,,,,,,,,,,,,,,,,,,,010D,NO DATA,no_data,critical,0.1.0,344148
2026-05-09T15:18:03,2026-05-09T10:18:03,no_trip,95,0.0,cold_start,idle,,,,,,,,,,,,,,,,,,,0105,NO DATA,no_data,critical,0.1.0,344148
2026-05-09T15:18:04,2026-05-09T10:18:04,no_trip,96,0.0,cold_start,idle,,,,,,,,,,,,,,,,,,,010C,NO DATA,no_data,critical,0.1.0,344148
2026-05-09T15:18:05,2026-05-09T10:18:05,no_trip,97,0.0,cold_start,idle,,,,,,,,,,,,,,,,,,,010B,NO DATA,no_data,critical,0.1.0,344148
2026-05-09T15:18:05,2026-05-09T10:18:05,no_trip,98,0.0,cold_start,idle,,,,,,,,,,,,,,,,,,,010D,NO DATA,no_data,critical,0.1.0,344148
2026-05-09T15:18:06,2026-05-09T10:18:06,no_trip,99,0.0,cold_start,idle,,,,,,,,,,,,,,,,,,,0105,NO DATA,no_data,critical,0.1.0,344148
2026-05-09T15:18:06,2026-05-09T10:18:06,no_trip,100,0.0,cold_start,idle,,,,,,,,,,,,,,,,,,,010C,NO DATA,no_data,critical,0.1.0,344148
2026-05-09T15:18:07,2026-05-09T10:18:07,no_trip,101,0.0,cold_start,idle,,,,,,,,,,,,,,,,,,,010B,NO DATA,no_data,critical,0.1.0,344148
2026-05-09T15:18:08,2026-05-09T10:18:08,no_trip,102,0.0,cold_start,idle,,,,,,,,,,,,,,,,,,,010D,NO DATA,no_data,critical,0.1.0,344148
2026-05-09T15:18:08,2026-05-09T10:18:08,no_trip,103,0.0,cold_start,idle,,,,,,,,,,,,,,,,,,,0105,NO DATA,no_data,critical,0.1.0,344148
2026-05-09T15:18:08,2026-05-09T10:18:08,no_trip,104,0.0,cold_start,idle,,,,,,,,,,,,,,,,,,,010C,NO DATA,no_data,critical,0.1.0,344148
2026-05-09T15:18:09,2026-05-09T10:18:09,no_trip,105,0.0,cold_start,idle,,,,,,,,,,,,,,,,,,,010B,NO DATA,no_data,critical,0.1.0,344148
2026-05-09T15:18:10,2026-05-09T10:18:10,no_trip,106,0.0,cold_start,idle,,,,,,,,,,,,,,,,,,,010D,NO DATA,no_data,critical,0.1.0,344148
2026-05-09T15:18:10,2026-05-09T10:18:10,no_trip,107,0.0,cold_start,idle,,,,,,,,,,,,,,,,,,,0105,NO DATA,no_data,critical,0.1.0,344148
2026-05-09T15:18:10,2026-05-09T10:18:10,no_trip,108,0.0,cold_start,idle,,,,,,,,,,,,,,,,,,,010C,NO DATA,no_data,critical,0.1.0,344148
2026-05-09T15:18:12,2026-05-09T10:18:12,no_trip,109,0.0,cold_start,idle,,,,,,,,,,,,,,,,,,,010B,NO DATA,no_data,critical,0.1.0,344148
2026-05-09T15:18:12,2026-05-09T10:18:12,no_trip,110,0.0,cold_start,idle,,,,,,,,,,,,,,,,,,,010D,NO DATA,no_data,critical,0.1.0,344148
2026-05-09T15:18:12,2026-05-09T10:18:12,no_trip,111,0.0,cold_start,idle,,,,,,,,,,,,,,,,,,,0105,NO DATA,no_data,critical,0.1.0,344148
2026-05-09T15:18:12,2026-05-09T10:18:12,no_trip,112,0.0,cold_start,idle,,,,,,,,,,,,,,,,,,,010C,NO DATA,no_data,critical,0.1.0,344148
2026-05-09T15:18:14,2026-05-09T10:18:14,no_trip,113,0.0,cold_start,idle,,,,,,,,,,,,,,,,,,,010B,NO DATA,no_data,critical,0.1.0,344148
2026-05-09T15:18:14,2026-05-09T10:18:14,no_trip,114,0.0,cold_start,idle,,,,,,,,,,,,,,,,,,,010D,NO DATA,no_data,critical,0.1.0,344148
2026-05-09T15:18:14,2026-05-09T10:18:14,no_trip,115,0.0,cold_start,idle,,,,,,,,,,,,,,,,,,,0105,NO DATA,no_data,critical,0.1.0,344148
2026-05-09T15:18:14,2026-05-09T10:18:14,no_trip,116,0.0,cold_start,idle,,,,,,,,,,,,,,,,,,,010C,NO DATA,no_data,critical,0.1.0,344148
2026-05-09T15:18:16,2026-05-09T10:18:16,no_trip,117,0.0,cold_start,idle,,,,,,,,,,,,,,,,,,,010B,NO DATA,no_data,critical,0.1.0,344148
2026-05-09T15:18:16,2026-05-09T10:18:16,no_trip,118,0.0,cold_start,idle,,,,,,,,,,,,,,,,,,,010D,NO DATA,no_data,critical,0.1.0,344148
2026-05-09T15:18:16,2026-05-09T10:18:16,no_trip,119,0.0,cold_start,idle,,,,,,,,,,,,,,,,,,,0105,NO DATA,no_data,critical,0.1.0,344148
2026-05-09T15:18:16,2026-05-09T10:18:16,no_trip,120,0.0,cold_start,idle,,,,,,,,,,,,,,,,,,,010C,NO DATA,no_data,critical,0.1.0,344148
2026-05-09T15:18:18,2026-05-09T10:18:18,no_trip,121,0.0,cold_start,idle,,,,,,,,,,,,,,,,,,,010B,NO DATA,no_data,critical,0.1.0,344148
2026-05-09T15:18:18,2026-05-09T10:18:18,no_trip,122,0.0,cold_start,idle,,,,,,,,,,,,,,,,,,,010D,NO DATA,no_data,critical,0.1.0,344148
2026-05-09T15:18:18,2026-05-09T10:18:18,no_trip,123,0.0,cold_start,idle,,,,,,,,,,,,,,,,,,,0105,NO DATA,no_data,critical,0.1.0,344148
2026-05-09T15:18:19,2026-05-09T10:18:19,no_trip,124,0.0,cold_start,idle,,,,,,,,,,,,,,,,,,,010C,NO DATA,no_data,critical,0.1.0,344148
2026-05-09T15:18:20,2026-05-09T10:18:20,no_trip,125,0.0,cold_start,idle,,,,,,,,,,,,,,,,,,,010B,NO DATA,no_data,critical,0.1.0,344148
2026-05-09T15:18:20,2026-05-09T10:18:20,no_trip,126,0.0,cold_start,idle,,,,,,,,,,,,,,,,,,,010D,NO DATA,no_data,critical,0.1.0,344148
2026-05-09T15:18:20,2026-05-09T10:18:20,no_trip,127,0.0,cold_start,idle,,,,,,,,,,,,,,,,,,,0105,NO DATA,no_data,critical,0.1.0,344148
2026-05-09T15:18:21,2026-05-09T10:18:21,no_trip,128,0.0,cold_start,idle,,,,,,,,,,,,,,,,,,,010C,NO DATA,no_data,critical,0.1.0,344148
2026-05-09T15:18:22,2026-05-09T10:18:22,no_trip,129,0.0,cold_start,idle,,,,,,,,,,,,,,,,,,,010B,NO DATA,no_data,critical,0.1.0,344148
2026-05-09T15:18:22,2026-05-09T10:18:22,no_trip,130,0.0,cold_start,idle,,,,,,,,,,,,,,,,,,,010D,NO DATA,no_data,critical,0.1.0,344148
2026-05-09T15:18:23,2026-05-09T10:18:23,no_trip,131,0.0,cold_start,idle,,,,,,,,,,,,,,,,,,,0105,NO DATA,no_data,critical,0.1.0,344148
2026-05-09T15:18:23,2026-05-09T10:18:23,no_trip,132,0.0,cold_start,idle,,,,,,,,,,,,,,,,,,,010C,NO DATA,no_data,critical,0.1.0,344148
2026-05-09T15:18:24,2026-05-09T10:18:24,no_trip,133,0.0,cold_start,idle,,,,,,,,,,,,,,,,,,,010B,NO DATA,no_data,critical,0.1.0,344148
2026-05-09T15:18:24,2026-05-09T10:18:24,no_trip,134,0.0,cold_start,idle,,,,,,,,,,,,,,,,,,,010D,NO DATA,no_data,critical,0.1.0,344148
2026-05-09T15:18:25,2026-05-09T10:18:25,no_trip,135,0.0,cold_start,idle,,,,,,,,,,,,,,,,,,,0105,NO DATA,no_data,critical,0.1.0,344148
2026-05-09T15:18:25,2026-05-09T10:18:25,no_trip,136,0.0,cold_start,idle,,,,,,,,,,,,,,,,,,,010C,NO DATA,no_data,critical,0.1.0,344148
2026-05-09T15:18:26,2026-05-09T10:18:26,no_trip,137,0.0,cold_start,idle,,,,,,,,,,,,,,,,,,,010B,NO DATA,no_data,critical,0.1.0,344148
2026-05-09T15:18:26,2026-05-09T10:18:26,no_trip,138,0.0,cold_start,idle,,,,,,,,,,,,,,,,,,,010D,NO DATA,no_data,critical,0.1.0,344148
2026-05-09T15:18:27,2026-05-09T10:18:27,no_trip,139,0.0,cold_start,idle,,,,,,,,,,,,,,,,,,,0105,NO DATA,no_data,critical,0.1.0,344148
2026-05-09T15:18:27,2026-05-09T10:18:27,no_trip,140,0.0,cold_start,idle,,,,,,,,,,,,,,,,,,,010C,NO DATA,no_data,critical,0.1.0,344148
2026-05-09T15:18:28,2026-05-09T10:18:28,no_trip,141,0.0,cold_start,idle,,,,,,,,,,,,,,,,,,,010B,NO DATA,no_data,critical,0.1.0,344148
2026-05-09T15:18:28,2026-05-09T10:18:28,no_trip,142,0.0,cold_start,idle,,,,,,,,,,,,,,,,,,,010D,NO DATA,no_data,critical,0.1.0,344148
2026-05-09T15:18:29,2026-05-09T10:18:29,no_trip,143,0.0,cold_start,idle,,,,,,,,,,,,,,,,,,,0105,NO DATA,no_data,critical,0.1.0,344148
2026-05-09T15:18:29,2026-05-09T10:18:29,no_trip,144,0.0,cold_start,idle,,,,,,,,,,,,,,,,,,,010C,NO DATA,no_data,critical,0.1.0,344148
2026-05-09T15:18:30,2026-05-09T10:18:30,no_trip,145,0.0,cold_start,idle,,,,,,,,,,,,,,,,,,,010B,NO DATA,no_data,critical,0.1.0,344148
2026-05-09T15:18:31,2026-05-09T10:18:31,no_trip,146,0.0,cold_start,idle,,,,,,,,,,,,,,,,,,,010D,NO DATA,no_data,critical,0.1.0,344148
2026-05-09T15:18:31,2026-05-09T10:18:31,no_trip,147,0.0,cold_start,idle,,,,,,,,,,,,,,,,,,,0105,NO DATA,no_data,critical,0.1.0,344148
2026-05-09T15:18:31,2026-05-09T10:18:31,no_trip,148,0.0,cold_start,idle,,,,,,,,,,,,,,,,,,,010C,NO DATA,no_data,critical,0.1.0,344148
2026-05-09T15:18:32,2026-05-09T10:18:32,no_trip,149,0.0,cold_start,idle,,,,,,,,,,,,,,,,,,,010B,NO DATA,no_data,critical,0.1.0,344148
2026-05-09T15:18:33,2026-05-09T10:18:33,no_trip,150,0.0,cold_start,idle,,,,,,,,,,,,,,,,,,,010D,NO DATA,no_data,critical,0.1.0,344148
2026-05-09T15:18:33,2026-05-09T10:18:33,no_trip,151,0.0,cold_start,idle,,,,,,,,,,,,,,,,,,,0105,NO DATA,no_data,critical,0.1.0,344148
2026-05-09T15:18:33,2026-05-09T10:18:33,no_trip,152,0.0,cold_start,idle,,,,,,,,,,,,,,,,,,,010C,NO DATA,no_data,critical,0.1.0,344148
2026-05-09T15:18:35,2026-05-09T10:18:35,no_trip,153,0.0,cold_start,idle,,,,,,,,,,,,,,,,,,,010B,NO DATA,no_data,critical,0.1.0,344148
2026-05-09T15:18:35,2026-05-09T10:18:35,no_trip,154,0.0,cold_start,idle,,,,,,,,,,,,,,,,,,,010D,NO DATA,no_data,critical,0.1.0,344148
2026-05-09T15:18:35,2026-05-09T10:18:35,no_trip,155,0.0,cold_start,idle,,,,,,,,,,,,,,,,,,,0105,NO DATA,no_data,critical,0.1.0,344148
2026-05-09T15:18:35,2026-05-09T10:18:35,no_trip,156,0.0,cold_start,idle,,,,,,,,,,,,,,,,,,,010C,NO DATA,no_data,critical,0.1.0,344148
2026-05-09T15:18:37,2026-05-09T10:18:37,no_trip,157,0.0,cold_start,idle,,,,,,,,,,,,,,,,,,,010B,NO DATA,no_data,critical,0.1.0,344148
2026-05-09T15:18:37,2026-05-09T10:18:37,no_trip,158,0.0,cold_start,idle,,,,,,,,,,,,,,,,,,,010D,NO DATA,no_data,critical,0.1.0,344148
2026-05-09T15:18:37,2026-05-09T10:18:37,no_trip,159,0.0,cold_start,idle,,,,,,,,,,,,,,,,,,,0105,NO DATA,no_data,critical,0.1.0,344148
2026-05-09T15:18:38,2026-05-09T10:18:38,no_trip,160,0.0,cold_start,idle,,,,,,,,,,,,,,,,,,,010C,NO DATA,no_data,critical,0.1.0,344148
2026-05-09T15:18:39,2026-05-09T10:18:39,no_trip,161,0.0,cold_start,idle,,,,,,,,,,,,,,,,,,,010B,NO DATA,no_data,critical,0.1.0,344148
2026-05-09T15:18:39,2026-05-09T10:18:39,no_trip,162,0.0,cold_start,idle,,,,,,,,,,,,,,,,,,,010D,NO DATA,no_data,critical,0.1.0,344148
2026-05-09T15:18:39,2026-05-09T10:18:39,no_trip,163,0.0,cold_start,idle,,,,,,,,,,,,,,,,,,,0105,NO DATA,no_data,critical,0.1.0,344148
2026-05-09T15:18:40,2026-05-09T10:18:40,no_trip,164,0.0,cold_start,idle,,,,,,,,,,,,,,,,,,,010C,NO DATA,no_data,critical,0.1.0,344148
2026-05-09T15:18:41,2026-05-09T10:18:41,no_trip,165,0.0,cold_start,idle,,,,,,,,,,,,,,,,,,,010B,NO DATA,no_data,critical,0.1.0,344148
2026-05-09T15:18:41,2026-05-09T10:18:41,no_trip,166,0.0,cold_start,idle,,,,,,,,,,,,,,,,,,,010D,NO DATA,no_data,critical,0.1.0,344148
2026-05-09T15:18:41,2026-05-09T10:18:41,no_trip,167,0.0,cold_start,idle,,,,,,,,,,,,,,,,,,,0105,NO DATA,no_data,critical,0.1.0,344148
2026-05-09T15:18:42,2026-05-09T10:18:42,no_trip,168,0.0,cold_start,idle,,,,,,,,,,,,,,,,,,,010C,NO DATA,no_data,critical,0.1.0,344148
2026-05-09T15:18:43,2026-05-09T10:18:43,no_trip,169,0.0,cold_start,idle,,,,,,,,,,,,,,,,,,,010B,NO DATA,no_data,critical,0.1.0,344148
2026-05-09T15:18:43,2026-05-09T10:18:43,no_trip,170,0.0,cold_start,idle,,,,,,,,,,,,,,,,,,,010D,NO DATA,no_data,critical,0.1.0,344148
2026-05-09T15:18:43,2026-05-09T10:18:43,no_trip,171,0.0,cold_start,idle,,,,,,,,,,,,,,,,,,,0105,NO DATA,no_data,critical,0.1.0,344148
2026-05-09T15:18:44,2026-05-09T10:18:44,no_trip,172,0.0,cold_start,idle,,,,,,,,,,,,,,,,,,,010C,NO DATA,no_data,critical,0.1.0,344148
2026-05-09T15:18:45,2026-05-09T10:18:45,no_trip,173,0.0,cold_start,idle,,,,,,,,,,,,,,,,,,,010B,NO DATA,no_data,critical,0.1.0,344148
2026-05-09T15:18:45,2026-05-09T10:18:45,no_trip,174,0.0,cold_start,idle,,,,,,,,,,,,,,,,,,,010D,NO DATA,no_data,critical,0.1.0,344148
2026-05-09T15:18:46,2026-05-09T10:18:46,no_trip,175,0.0,cold_start,idle,,,,,,,,,,,,,,,,,,,0105,NO DATA,no_data,critical,0.1.0,344148
2026-05-09T15:18:46,2026-05-09T10:18:46,no_trip,176,0.0,cold_start,idle,,,,,,,,,,,,,,,,,,,010C,NO DATA,no_data,critical,0.1.0,344148
2026-05-09T15:18:47,2026-05-09T10:18:47,no_trip,177,0.0,cold_start,idle,,,,,,,,,,,,,,,,,,,010B,NO DATA,no_data,critical,0.1.0,344148
2026-05-09T15:18:47,2026-05-09T10:18:47,no_trip,178,0.0,cold_start,idle,,,,,,,,,,,,,,,,,,,010D,NO DATA,no_data,critical,0.1.0,344148
2026-05-09T15:18:48,2026-05-09T10:18:48,no_trip,179,0.0,cold_start,idle,,,,,,,,,,,,,,,,,,,0105,NO DATA,no_data,critical,0.1.0,344148
2026-05-09T15:18:48,2026-05-09T10:18:48,no_trip,180,0.0,cold_start,idle,,,,,,,,,,,,,,,,,,,010C,NO DATA,no_data,critical,0.1.0,344148
2026-05-09T15:18:49,2026-05-09T10:18:49,no_trip,181,0.0,cold_start,idle,,,,,,,,,,,,,,,,,,,010B,NO DATA,no_data,critical,0.1.0,344148
2026-05-09T15:18:49,2026-05-09T10:18:49,no_trip,182,0.0,cold_start,idle,,,,,,,,,,,,,,,,,,,010D,NO DATA,no_data,critical,0.1.0,344148
2026-05-09T15:18:50,2026-05-09T10:18:50,no_trip,183,0.0,cold_start,idle,,,,,,,,,,,,,,,,,,,0105,NO DATA,no_data,critical,0.1.0,344148
2026-05-09T15:18:50,2026-05-09T10:18:50,no_trip,184,0.0,cold_start,idle,,,,,,,,,,,,,,,,,,,010C,NO DATA,no_data,critical,0.1.0,344148
2026-05-09T15:18:51,2026-05-09T10:18:51,no_trip,185,0.0,cold_start,idle,,,,,,,,,,,,,,,,,,,010B,NO DATA,no_data,critical,0.1.0,344148
2026-05-09T15:18:52,2026-05-09T10:18:52,no_trip,186,0.0,cold_start,idle,,,,,,,,,,,,,,,,,,,010D,NO DATA,no_data,critical,0.1.0,344148
2026-05-09T15:18:52,2026-05-09T10:18:52,no_trip,187,0.0,cold_start,idle,,,,,,,,,,,,,,,,,,,0105,NO DATA,no_data,critical,0.1.0,344148
2026-05-09T15:18:52,2026-05-09T10:18:52,no_trip,188,0.0,cold_start,idle,,,,,,,,,,,,,,,,,,,010C,NO DATA,no_data,critical,0.1.0,344148
2026-05-09T15:18:53,2026-05-09T10:18:53,no_trip,189,0.0,cold_start,idle,,,,,,,,,,,,,,,,,,,010B,NO DATA,no_data,critical,0.1.0,344148
2026-05-09T15:18:54,2026-05-09T10:18:54,no_trip,190,0.0,cold_start,idle,,,,,,,,,,,,,,,,,,,010D,NO DATA,no_data,critical,0.1.0,344148
2026-05-09T15:18:54,2026-05-09T10:18:54,no_trip,191,0.0,cold_start,idle,,,,,,,,,,,,,,,,,,,0105,NO DATA,no_data,critical,0.1.0,344148
2026-05-09T15:18:54,2026-05-09T10:18:54,no_trip,192,0.0,cold_start,idle,,,,,,,,,,,,,,,,,,,010C,NO DATA,no_data,critical,0.1.0,344148
2026-05-09T15:18:55,2026-05-09T10:18:55,no_trip,193,0.0,cold_start,idle,,,,,,,,,,,,,,,,,,,010B,NO DATA,no_data,critical,0.1.0,344148
2026-05-09T15:18:56,2026-05-09T10:18:56,no_trip,194,0.0,cold_start,idle,,,,,,,,,,,,,,,,,,,010D,NO DATA,no_data,critical,0.1.0,344148
2026-05-09T15:18:56,2026-05-09T10:18:56,no_trip,195,0.0,cold_start,idle,,,,,,,,,,,,,,,,,,,0105,NO DATA,no_data,critical,0.1.0,344148
2026-05-09T15:18:56,2026-05-09T10:18:56,no_trip,196,0.0,cold_start,idle,,,,,,,,,,,,,,,,,,,010C,NO DATA,no_data,critical,0.1.0,344148
2026-05-09T15:18:57,2026-05-09T10:18:57,no_trip,197,0.0,cold_start,idle,,,,,,,,,,,,,,,,,,,010B,NO DATA,no_data,critical,0.1.0,344148
2026-05-09T15:18:58,2026-05-09T10:18:58,no_trip,198,0.0,cold_start,idle,,,,,,,,,,,,,,,,,,,010D,NO DATA,no_data,critical,0.1.0,344148
2026-05-09T15:18:58,2026-05-09T10:18:58,no_trip,199,0.0,cold_start,idle,,,,,,,,,,,,,,,,,,,0105,NO DATA,no_data,critical,0.1.0,344148
2026-05-09T15:18:58,2026-05-09T10:18:58,no_trip,200,0.0,cold_start,idle,,,,,,,,,,,,,,,,,,,010C,NO DATA,no_data,critical,0.1.0,344148
2026-05-09T15:19:00,2026-05-09T10:19:00,no_trip,201,0.0,cold_start,idle,,,,,,,,,,,,,,,,,,,010B,NO DATA,no_data,critical,0.1.0,344148
2026-05-09T15:19:00,2026-05-09T10:19:00,no_trip,202,0.0,cold_start,idle,,,,,,,,,,,,,,,,,,,010D,NO DATA,no_data,critical,0.1.0,344148
2026-05-09T15:19:00,2026-05-09T10:19:00,no_trip,203,0.0,cold_start,idle,,,,,,,,,,,,,,,,,,,0105,NO DATA,no_data,critical,0.1.0,344148
2026-05-09T15:19:01,2026-05-09T10:19:01,no_trip,204,0.0,cold_start,idle,,,,,,,,,,,,,,,,,,,010C,NO DATA,no_data,critical,0.1.0,344148
2026-05-09T15:19:02,2026-05-09T10:19:02,no_trip,205,0.0,cold_start,idle,,,,,,,,,,,,,,,,,,,010B,NO DATA,no_data,critical,0.1.0,344148
2026-05-09T15:19:02,2026-05-09T10:19:02,no_trip,206,0.0,cold_start,idle,,,,,,,,,,,,,,,,,,,010D,NO DATA,no_data,critical,0.1.0,344148
2026-05-09T15:19:02,2026-05-09T10:19:02,no_trip,207,0.0,cold_start,idle,,,,,,,,,,,,,,,,,,,0105,NO DATA,no_data,critical,0.1.0,344148
2026-05-09T15:19:03,2026-05-09T10:19:03,no_trip,208,0.0,cold_start,idle,,,,,,,,,,,,,,,,,,,010C,NO DATA,no_data,critical,0.1.0,344148
2026-05-09T15:19:04,2026-05-09T10:19:04,no_trip,209,0.0,cold_start,idle,,,,,,,,,,,,,,,,,,,010B,NO DATA,no_data,critical,0.1.0,344148
2026-05-09T15:19:04,2026-05-09T10:19:04,no_trip,210,0.0,cold_start,idle,,,,,,,,,,,,,,,,,,,010D,NO DATA,no_data,critical,0.1.0,344148
2026-05-09T15:19:04,2026-05-09T10:19:04,no_trip,211,0.0,cold_start,idle,,,,,,,,,,,,,,,,,,,0105,NO DATA,no_data,critical,0.1.0,344148
2026-05-09T15:19:05,2026-05-09T10:19:05,no_trip,212,0.0,cold_start,idle,,,,,,,,,,,,,,,,,,,010C,NO DATA,no_data,critical,0.1.0,344148
2026-05-09T15:19:06,2026-05-09T10:19:06,no_trip,213,0.0,cold_start,idle,,,,,,,,,,,,,,,,,,,010B,NO DATA,no_data,critical,0.1.0,344148
2026-05-09T15:19:06,2026-05-09T10:19:06,no_trip,214,0.0,cold_start,idle,,,,,,,,,,,,,,,,,,,010D,NO DATA,no_data,critical,0.1.0,344148
2026-05-09T15:19:07,2026-05-09T10:19:07,no_trip,215,0.0,cold_start,idle,,,,,,,,,,,,,,,,,,,0105,NO DATA,no_data,critical,0.1.0,344148
2026-05-09T15:19:07,2026-05-09T10:19:07,no_trip,216,0.0,cold_start,idle,,,,,,,,,,,,,,,,,,,010C,NO DATA,no_data,critical,0.1.0,344148
2026-05-09T15:19:08,2026-05-09T10:19:08,no_trip,217,0.0,cold_start,idle,,,,,,,,,,,,,,,,,,,010B,NO DATA,no_data,critical,0.1.0,344148
2026-05-09T15:19:08,2026-05-09T10:19:08,no_trip,218,0.0,cold_start,idle,,,,,,,,,,,,,,,,,,,010D,NO DATA,no_data,critical,0.1.0,344148
2026-05-09T15:19:09,2026-05-09T10:19:09,no_trip,219,0.0,cold_start,idle,,,,,,,,,,,,,,,,,,,0105,NO DATA,no_data,critical,0.1.0,344148
2026-05-09T15:19:09,2026-05-09T10:19:09,no_trip,220,0.0,cold_start,idle,,,,,,,,,,,,,,,,,,,010C,NO DATA,no_data,critical,0.1.0,344148
2026-05-09T15:19:10,2026-05-09T10:19:10,no_trip,221,0.0,cold_start,idle,,,,,,,,,,,,,,,,,,,010B,NO DATA,no_data,critical,0.1.0,344148
2026-05-09T15:19:10,2026-05-09T10:19:10,no_trip,222,0.0,cold_start,idle,,,,,,,,,,,,,,,,,,,010D,NO DATA,no_data,critical,0.1.0,344148
2026-05-09T15:19:11,2026-05-09T10:19:11,no_trip,223,0.0,cold_start,idle,,,,,,,,,,,,,,,,,,,0105,NO DATA,no_data,critical,0.1.0,344148
2026-05-09T15:19:11,2026-05-09T10:19:11,no_trip,224,0.0,cold_start,idle,,,,,,,,,,,,,,,,,,,010C,NO DATA,no_data,critical,0.1.0,344148
2026-05-09T15:19:12,2026-05-09T10:19:12,no_trip,225,0.0,cold_start,idle,,,,,,,,,,,,,,,,,,,010B,NO DATA,no_data,critical,0.1.0,344148
2026-05-09T15:19:13,2026-05-09T10:19:13,no_trip,226,0.0,cold_start,idle,,,,,,,,,,,,,,,,,,,010D,NO DATA,no_data,critical,0.1.0,344148
2026-05-09T15:19:13,2026-05-09T10:19:13,no_trip,227,0.0,cold_start,idle,,,,,,,,,,,,,,,,,,,0105,NO DATA,no_data,critical,0.1.0,344148
2026-05-09T15:19:13,2026-05-09T10:19:13,no_trip,228,0.0,cold_start,idle,,,,,,,,,,,,,,,,,,,010C,NO DATA,no_data,critical,0.1.0,344148
2026-05-09T15:19:14,2026-05-09T10:19:14,no_trip,229,0.0,cold_start,idle,,,,,,,,,,,,,,,,,,,010B,NO DATA,no_data,critical,0.1.0,344148
2026-05-09T15:19:15,2026-05-09T10:19:15,no_trip,230,0.0,cold_start,idle,,,,,,,,,,,,,,,,,,,010D,NO DATA,no_data,critical,0.1.0,344148
2026-05-09T15:19:15,2026-05-09T10:19:15,no_trip,231,0.0,cold_start,idle,,,,,,,,,,,,,,,,,,,0105,NO DATA,no_data,critical,0.1.0,344148
2026-05-09T15:19:15,2026-05-09T10:19:15,no_trip,232,0.0,cold_start,idle,,,,,,,,,,,,,,,,,,,010C,NO DATA,no_data,critical,0.1.0,344148
2026-05-09T15:19:16,2026-05-09T10:19:16,no_trip,233,0.0,cold_start,idle,,,,,,,,,,,,,,,,,,,010B,NO DATA,no_data,critical,0.1.0,344148
2026-05-09T15:19:17,2026-05-09T10:19:17,no_trip,234,0.0,cold_start,idle,,,,,,,,,,,,,,,,,,,010D,NO DATA,no_data,critical,0.1.0,344148
2026-05-09T15:19:17,2026-05-09T10:19:17,no_trip,235,0.0,cold_start,idle,,,,,,,,,,,,,,,,,,,0105,NO DATA,no_data,critical,0.1.0,344148
2026-05-09T15:19:17,2026-05-09T10:19:17,no_trip,236,0.0,cold_start,idle,,,,,,,,,,,,,,,,,,,010C,NO DATA,no_data,critical,0.1.0,344148
2026-05-09T15:19:18,2026-05-09T10:19:18,no_trip,237,0.0,cold_start,idle,,,,,,,,,,,,,,,,,,,010B,NO DATA,no_data,critical,0.1.0,344148
2026-05-09T15:19:19,2026-05-09T10:19:19,no_trip,238,0.0,cold_start,idle,,,,,,,,,,,,,,,,,,,010D,NO DATA,no_data,critical,0.1.0,344148
2026-05-09T15:19:19,2026-05-09T10:19:19,no_trip,239,0.0,cold_start,idle,,,,,,,,,,,,,,,,,,,0105,NO DATA,no_data,critical,0.1.0,344148
2026-05-09T15:19:19,2026-05-09T10:19:19,no_trip,240,0.0,cold_start,idle,,,,,,,,,,,,,,,,,,,010C,NO DATA,no_data,critical,0.1.0,344148
2026-05-09T15:19:21,2026-05-09T10:19:21,no_trip,241,0.0,cold_start,idle,,,,,,,,,,,,,,,,,,,010B,NO DATA,no_data,critical,0.1.0,344148
2026-05-09T15:19:21,2026-05-09T10:19:21,no_trip,242,0.0,cold_start,idle,,,,,,,,,,,,,,,,,,,010D,NO DATA,no_data,critical,0.1.0,344148
2026-05-09T15:19:21,2026-05-09T10:19:21,no_trip,243,0.0,cold_start,idle,,,,,,,,,,,,,,,,,,,0105,NO DATA,no_data,critical,0.1.0,344148
2026-05-09T15:19:21,2026-05-09T10:19:21,no_trip,244,0.0,cold_start,idle,,,,,,,,,,,,,,,,,,,010C,NO DATA,no_data,critical,0.1.0,344148
2026-05-09T15:19:23,2026-05-09T10:19:23,no_trip,245,0.0,cold_start,idle,,,,,,,,,,,,,,,,,,,010B,NO DATA,no_data,critical,0.1.0,344148
2026-05-09T15:19:23,2026-05-09T10:19:23,no_trip,246,0.0,cold_start,idle,,,,,,,,,,,,,,,,,,,010D,NO DATA,no_data,critical,0.1.0,344148
2026-05-09T15:19:23,2026-05-09T10:19:23,no_trip,247,0.0,cold_start,idle,,,,,,,,,,,,,,,,,,,0105,NO DATA,no_data,critical,0.1.0,344148
2026-05-09T15:19:23,2026-05-09T10:19:23,no_trip,248,0.0,cold_start,idle,,,,,,,,,,,,,,,,,,,010C,NO DATA,no_data,critical,0.1.0,344148
2026-05-09T15:19:25,2026-05-09T10:19:25,no_trip,249,0.0,cold_start,idle,,,,,,,,,,,,,,,,,,,010B,NO DATA,no_data,critical,0.1.0,344148
2026-05-09T15:19:25,2026-05-09T10:19:25,no_trip,250,0.0,cold_start,idle,,,,,,,,,,,,,,,,,,,010D,NO DATA,no_data,critical,0.1.0,344148
2026-05-09T15:19:26,2026-05-09T10:19:26,no_trip,251,0.0,cold_start,idle,,,,,,,,,,,,,,,,,,,0105,NO DATA,no_data,critical,0.1.0,344148
2026-05-09T15:19:26,2026-05-09T10:19:26,no_trip,252,0.0,cold_start,idle,,,,,,,,,,,,,,,,,,,010C,NO DATA,no_data,critical,0.1.0,344148
2026-05-09T15:19:27,2026-05-09T10:19:27,no_trip,253,0.0,cold_start,idle,,,,,,,,,,,,,,,,,,,010B,NO DATA,no_data,critical,0.1.0,344148
2026-05-09T15:19:27,2026-05-09T10:19:27,no_trip,254,0.0,cold_start,idle,,,,,,,,,,,,,,,,,,,010D,NO DATA,no_data,critical,0.1.0,344148
2026-05-09T15:19:28,2026-05-09T10:19:28,no_trip,255,0.0,cold_start,idle,,,,,,,,,,,,,,,,,,,0105,NO DATA,no_data,critical,0.1.0,344148
2026-05-09T15:19:28,2026-05-09T10:19:28,no_trip,256,0.0,cold_start,idle,,,,,,,,,,,,,,,,,,,010C,NO DATA,no_data,critical,0.1.0,344148
2026-05-09T15:19:29,2026-05-09T10:19:29,no_trip,257,0.0,cold_start,idle,,,,,,,,,,,,,,,,,,,010B,NO DATA,no_data,critical,0.1.0,344148
2026-05-09T15:19:29,2026-05-09T10:19:29,no_trip,258,0.0,cold_start,idle,,,,,,,,,,,,,,,,,,,010D,NO DATA,no_data,critical,0.1.0,344148
2026-05-09T15:19:30,2026-05-09T10:19:30,no_trip,259,0.0,cold_start,idle,,,,,,,,,,,,,,,,,,,0105,NO DATA,no_data,critical,0.1.0,344148
2026-05-09T15:19:30,2026-05-09T10:19:30,no_trip,260,0.0,cold_start,idle,,,,,,,,,,,,,,,,,,,010C,NO DATA,no_data,critical,0.1.0,344148
2026-05-09T15:19:31,2026-05-09T10:19:31,no_trip,261,0.0,cold_start,idle,,,,,,,,,,,,,,,,,,,010B,NO DATA,no_data,critical,0.1.0,344148
2026-05-09T15:19:32,2026-05-09T10:19:32,no_trip,262,0.0,cold_start,idle,,,,,,,,,,,,,,,,,,,010D,NO DATA,no_data,critical,0.1.0,344148
2026-05-09T15:19:32,2026-05-09T10:19:32,no_trip,263,0.0,cold_start,idle,,,,,,,,,,,,,,,,,,,0105,NO DATA,no_data,critical,0.1.0,344148
2026-05-09T15:19:32,2026-05-09T10:19:32,no_trip,264,0.0,cold_start,idle,,,,,,,,,,,,,,,,,,,010C,NO DATA,no_data,critical,0.1.0,344148
2026-05-09T15:19:33,2026-05-09T10:19:33,no_trip,265,0.0,cold_start,idle,,,,,,,,,,,,,,,,,,,010B,NO DATA,no_data,critical,0.1.0,344148
2026-05-09T15:19:34,2026-05-09T10:19:34,no_trip,266,0.0,cold_start,idle,,,,,,,,,,,,,,,,,,,010D,NO DATA,no_data,critical,0.1.0,344148
2026-05-09T15:19:34,2026-05-09T10:19:34,no_trip,267,0.0,cold_start,idle,,,,,,,,,,,,,,,,,,,0105,NO DATA,no_data,critical,0.1.0,344148
2026-05-09T15:19:34,2026-05-09T10:19:34,no_trip,268,0.0,cold_start,idle,,,,,,,,,,,,,,,,,,,010C,NO DATA,no_data,critical,0.1.0,344148
2026-05-09T15:19:35,2026-05-09T10:19:35,no_trip,269,0.0,cold_start,idle,,,,,,,,,,,,,,,,,,,010B,NO DATA,no_data,critical,0.1.0,344148
2026-05-09T15:19:36,2026-05-09T10:19:36,no_trip,270,0.0,cold_start,idle,,,,,,,,,,,,,,,,,,,010D,NO DATA,no_data,critical,0.1.0,344148
2026-05-09T15:19:36,2026-05-09T10:19:36,no_trip,271,0.0,cold_start,idle,,,,,,,,,,,,,,,,,,,0105,NO DATA,no_data,critical,0.1.0,344148
2026-05-09T15:19:36,2026-05-09T10:19:36,no_trip,272,0.0,cold_start,idle,,,,,,,,,,,,,,,,,,,010C,NO DATA,no_data,critical,0.1.0,344148
2026-05-09T15:19:37,2026-05-09T10:19:37,no_trip,273,0.0,cold_start,idle,,,,,,,,,,,,,,,,,,,010B,NO DATA,no_data,critical,0.1.0,344148
2026-05-09T15:19:38,2026-05-09T10:19:38,no_trip,274,0.0,cold_start,idle,,,,,,,,,,,,,,,,,,,010D,NO DATA,no_data,critical,0.1.0,344148
2026-05-09T15:19:38,2026-05-09T10:19:38,no_trip,275,0.0,cold_start,idle,,,,,,,,,,,,,,,,,,,0105,NO DATA,no_data,critical,0.1.0,344148
2026-05-09T15:19:38,2026-05-09T10:19:38,no_trip,276,0.0,cold_start,idle,,,,,,,,,,,,,,,,,,,010C,NO DATA,no_data,critical,0.1.0,344148
2026-05-09T15:19:40,2026-05-09T10:19:40,no_trip,277,0.0,cold_start,idle,,,,,,,,,,,,,,,,,,,010B,NO DATA,no_data,critical,0.1.0,344148
2026-05-09T15:19:40,2026-05-09T10:19:40,no_trip,278,0.0,cold_start,idle,,,,,,,,,,,,,,,,,,,010D,NO DATA,no_data,critical,0.1.0,344148
2026-05-09T15:19:40,2026-05-09T10:19:40,no_trip,279,0.0,cold_start,idle,,,,,,,,,,,,,,,,,,,0105,NO DATA,no_data,critical,0.1.0,344148
2026-05-09T15:19:40,2026-05-09T10:19:40,no_trip,280,0.0,cold_start,idle,,,,,,,,,,,,,,,,,,,010C,NO DATA,no_data,critical,0.1.0,344148
2026-05-09T15:19:42,2026-05-09T10:19:42,no_trip,281,0.0,cold_start,idle,,,,,,,,,,,,,,,,,,,010B,NO DATA,no_data,critical,0.1.0,344148
2026-05-09T15:19:42,2026-05-09T10:19:42,no_trip,282,0.0,cold_start,idle,,,,,,,,,,,,,,,,,,,010D,NO DATA,no_data,critical,0.1.0,344148
2026-05-09T15:19:42,2026-05-09T10:19:42,no_trip,283,0.0,cold_start,idle,,,,,,,,,,,,,,,,,,,0105,NO DATA,no_data,critical,0.1.0,344148
2026-05-09T15:19:43,2026-05-09T10:19:43,no_trip,284,0.0,cold_start,idle,,,,,,,,,,,,,,,,,,,010C,NO DATA,no_data,critical,0.1.0,344148
2026-05-09T15:19:44,2026-05-09T10:19:44,no_trip,285,0.0,cold_start,idle,,,,,,,,,,,,,,,,,,,010B,NO DATA,no_data,critical,0.1.0,344148
2026-05-09T15:19:44,2026-05-09T10:19:44,no_trip,286,0.0,cold_start,idle,,,,,,,,,,,,,,,,,,,010D,NO DATA,no_data,critical,0.1.0,344148
2026-05-09T15:19:44,2026-05-09T10:19:44,no_trip,287,0.0,cold_start,idle,,,,,,,,,,,,,,,,,,,0105,NO DATA,no_data,critical,0.1.0,344148
2026-05-09T15:19:45,2026-05-09T10:19:45,no_trip,288,0.0,cold_start,idle,,,,,,,,,,,,,,,,,,,010C,NO DATA,no_data,critical,0.1.0,344148
2026-05-09T15:19:46,2026-05-09T10:19:46,no_trip,289,0.0,cold_start,idle,,,,,,,,,,,,,,,,,,,010B,NO DATA,no_data,critical,0.1.0,344148
2026-05-09T15:19:46,2026-05-09T10:19:46,no_trip,290,0.0,cold_start,idle,,,,,,,,,,,,,,,,,,,010D,NO DATA,no_data,critical,0.1.0,344148
2026-05-09T15:19:46,2026-05-09T10:19:46,no_trip,291,0.0,cold_start,idle,,,,,,,,,,,,,,,,,,,0105,NO DATA,no_data,critical,0.1.0,344148
2026-05-09T15:19:47,2026-05-09T10:19:47,no_trip,292,0.0,cold_start,idle,,,,,,,,,,,,,,,,,,,010C,NO DATA,no_data,critical,0.1.0,344148
2026-05-09T15:19:48,2026-05-09T10:19:48,no_trip,293,0.0,cold_start,idle,,,,,,,,,,,,,,,,,,,010B,NO DATA,no_data,critical,0.1.0,344148
2026-05-09T15:19:48,2026-05-09T10:19:48,no_trip,294,0.0,cold_start,idle,,,,,,,,,,,,,,,,,,,010D,NO DATA,no_data,critical,0.1.0,344148
2026-05-09T15:19:49,2026-05-09T10:19:49,no_trip,295,0.0,cold_start,idle,,,,,,,,,,,,,,,,,,,0105,NO DATA,no_data,critical,0.1.0,344148
2026-05-09T15:19:49,2026-05-09T10:19:49,no_trip,296,0.0,cold_start,idle,,,,,,,,,,,,,,,,,,,010C,NO DATA,no_data,critical,0.1.0,344148
2026-05-09T15:19:50,2026-05-09T10:19:50,no_trip,297,0.0,cold_start,idle,,,,,,,,,,,,,,,,,,,010B,NO DATA,no_data,critical,0.1.0,344148
2026-05-09T15:19:50,2026-05-09T10:19:50,no_trip,298,0.0,cold_start,idle,,,,,,,,,,,,,,,,,,,010D,NO DATA,no_data,critical,0.1.0,344148
2026-05-09T15:19:51,2026-05-09T10:19:51,no_trip,299,0.0,cold_start,idle,,,,,,,,,,,,,,,,,,,0105,NO DATA,no_data,critical,0.1.0,344148
2026-05-09T15:19:51,2026-05-09T10:19:51,no_trip,300,0.0,cold_start,idle,,,,,,,,,,,,,,,,,,,010C,NO DATA,no_data,critical,0.1.0,344148
2026-05-09T15:19:52,2026-05-09T10:19:52,no_trip,301,0.0,cold_start,idle,,,,,,,,,,,,,,,,,,,010B,NO DATA,no_data,critical,0.1.0,344148
2026-05-09T15:19:53,2026-05-09T10:19:53,no_trip,302,0.0,cold_start,idle,,,,,,,,,,,,,,,,,,,010D,NO DATA,no_data,critical,0.1.0,344148
2026-05-09T15:19:53,2026-05-09T10:19:53,no_trip,303,0.0,cold_start,idle,,,,,,,,,,,,,,,,,,,0105,NO DATA,no_data,critical,0.1.0,344148
2026-05-09T15:19:53,2026-05-09T10:19:53,no_trip,304,0.0,cold_start,idle,,,,,,,,,,,,,,,,,,,010C,NO DATA,no_data,critical,0.1.0,344148
2026-05-09T15:19:55,2026-05-09T10:19:55,no_trip,305,0.0,cold_start,idle,,,,,,,,,,,,,,,,,,,010B,NO DATA,no_data,critical,0.1.0,344148
2026-05-09T15:19:55,2026-05-09T10:19:55,no_trip,306,0.0,cold_start,idle,,,,,,,,,,,,,,,,,,,010D,NO DATA,no_data,critical,0.1.0,344148
2026-05-09T15:19:55,2026-05-09T10:19:55,no_trip,307,0.0,cold_start,idle,,,,,,,,,,,,,,,,,,,0105,NO DATA,no_data,critical,0.1.0,344148
2026-05-09T15:19:55,2026-05-09T10:19:55,no_trip,308,0.0,cold_start,idle,,,,,,,,,,,,,,,,,,,010C,NO DATA,no_data,critical,0.1.0,344148
2026-05-09T15:19:57,2026-05-09T10:19:57,no_trip,309,0.0,cold_start,idle,,,,,,,,,,,,,,,,,,,010B,NO DATA,no_data,critical,0.1.0,344148
2026-05-09T15:19:57,2026-05-09T10:19:57,no_trip,310,0.0,cold_start,idle,,,,,,,,,,,,,,,,,,,010D,NO DATA,no_data,critical,0.1.0,344148
2026-05-09T15:19:57,2026-05-09T10:19:57,no_trip,311,0.0,cold_start,idle,,,,,,,,,,,,,,,,,,,0105,NO DATA,no_data,critical,0.1.0,344148
2026-05-09T15:19:57,2026-05-09T10:19:57,no_trip,312,0.0,cold_start,idle,,,,,,,,,,,,,,,,,,,010C,NO DATA,no_data,critical,0.1.0,344148
2026-05-09T15:19:59,2026-05-09T10:19:59,no_trip,313,0.0,cold_start,idle,,,,,,,,,,,,,,,,,,,010B,NO DATA,no_data,critical,0.1.0,344148
2026-05-09T15:19:59,2026-05-09T10:19:59,no_trip,314,0.0,cold_start,idle,,,,,,,,,,,,,,,,,,,010D,NO DATA,no_data,critical,0.1.0,344148
2026-05-09T15:19:59,2026-05-09T10:19:59,no_trip,315,0.0,cold_start,idle,,,,,,,,,,,,,,,,,,,0105,NO DATA,no_data,critical,0.1.0,344148
2026-05-09T15:20:00,2026-05-09T10:20:00,no_trip,316,0.0,cold_start,idle,,,,,,,,,,,,,,,,,,,010C,NO DATA,no_data,critical,0.1.0,344148
2026-05-09T15:20:01,2026-05-09T10:20:01,no_trip,317,0.0,cold_start,idle,,,,,,,,,,,,,,,,,,,010B,NO DATA,no_data,critical,0.1.0,344148
2026-05-09T15:20:01,2026-05-09T10:20:01,no_trip,318,0.0,cold_start,idle,,,,,,,,,,,,,,,,,,,010D,NO DATA,no_data,critical,0.1.0,344148
2026-05-09T15:20:01,2026-05-09T10:20:01,no_trip,319,0.0,cold_start,idle,,,,,,,,,,,,,,,,,,,0105,NO DATA,no_data,critical,0.1.0,344148
2026-05-09T15:20:02,2026-05-09T10:20:02,no_trip,320,0.0,cold_start,idle,,,,,,,,,,,,,,,,,,,010C,NO DATA,no_data,critical,0.1.0,344148
2026-05-09T15:20:03,2026-05-09T10:20:03,no_trip,321,0.0,cold_start,idle,,,,,,,,,,,,,,,,,,,010B,NO DATA,no_data,critical,0.1.0,344148
2026-05-09T15:20:03,2026-05-09T10:20:03,no_trip,322,0.0,cold_start,idle,,,,,,,,,,,,,,,,,,,010D,NO DATA,no_data,critical,0.1.0,344148
2026-05-09T15:20:03,2026-05-09T10:20:03,no_trip,323,0.0,cold_start,idle,,,,,,,,,,,,,,,,,,,0105,NO DATA,no_data,critical,0.1.0,344148
2026-05-09T15:20:04,2026-05-09T10:20:04,no_trip,324,0.0,cold_start,idle,,,,,,,,,,,,,,,,,,,010C,NO DATA,no_data,critical,0.1.0,344148
2026-05-09T15:20:05,2026-05-09T10:20:05,no_trip,325,0.0,cold_start,idle,,,,,,,,,,,,,,,,,,,010B,NO DATA,no_data,critical,0.1.0,344148
2026-05-09T15:20:05,2026-05-09T10:20:05,no_trip,326,0.0,cold_start,idle,,,,,,,,,,,,,,,,,,,010D,NO DATA,no_data,critical,0.1.0,344148
2026-05-09T15:20:05,2026-05-09T10:20:05,no_trip,327,0.0,cold_start,idle,,,,,,,,,,,,,,,,,,,0105,NO DATA,no_data,critical,0.1.0,344148
2026-05-09T15:20:06,2026-05-09T10:20:06,no_trip,328,0.0,cold_start,idle,,,,,,,,,,,,,,,,,,,010C,NO DATA,no_data,critical,0.1.0,344148
2026-05-09T15:20:07,2026-05-09T10:20:07,no_trip,329,0.0,cold_start,idle,,,,,,,,,,,,,,,,,,,010B,NO DATA,no_data,critical,0.1.0,344148
2026-05-09T15:20:07,2026-05-09T10:20:07,no_trip,330,0.0,cold_start,idle,,,,,,,,,,,,,,,,,,,010D,NO DATA,no_data,critical,0.1.0,344148
2026-05-09T15:20:08,2026-05-09T10:20:08,no_trip,331,0.0,cold_start,idle,,,,,,,,,,,,,,,,,,,0105,NO DATA,no_data,critical,0.1.0,344148
2026-05-09T15:20:08,2026-05-09T10:20:08,no_trip,332,0.0,cold_start,idle,,,,,,,,,,,,,,,,,,,010C,NO DATA,no_data,critical,0.1.0,344148
2026-05-09T15:20:09,2026-05-09T10:20:09,no_trip,333,0.0,cold_start,idle,,,,,,,,,,,,,,,,,,,010B,NO DATA,no_data,critical,0.1.0,344148
2026-05-09T15:20:09,2026-05-09T10:20:09,no_trip,334,0.0,cold_start,idle,,,,,,,,,,,,,,,,,,,010D,NO DATA,no_data,critical,0.1.0,344148
2026-05-09T15:20:10,2026-05-09T10:20:10,no_trip,335,0.0,cold_start,idle,,,,,,,,,,,,,,,,,,,0105,NO DATA,no_data,critical,0.1.0,344148
2026-05-09T15:20:10,2026-05-09T10:20:10,no_trip,336,0.0,cold_start,idle,,,,,,,,,,,,,,,,,,,010C,NO DATA,no_data,critical,0.1.0,344148
2026-05-09T15:20:11,2026-05-09T10:20:11,no_trip,337,0.0,cold_start,idle,,,,,,,,,,,,,,,,,,,010B,NO DATA,no_data,critical,0.1.0,344148
2026-05-09T15:20:12,2026-05-09T10:20:12,no_trip,338,0.0,cold_start,idle,,,,,,,,,,,,,,,,,,,010D,NO DATA,no_data,critical,0.1.0,344148
2026-05-09T15:20:12,2026-05-09T10:20:12,no_trip,339,0.0,cold_start,idle,,,,,,,,,,,,,,,,,,,0105,NO DATA,no_data,critical,0.1.0,344148
2026-05-09T15:20:12,2026-05-09T10:20:12,no_trip,340,0.0,cold_start,idle,,,,,,,,,,,,,,,,,,,010C,NO DATA,no_data,critical,0.1.0,344148
2026-05-09T15:20:13,2026-05-09T10:20:13,no_trip,341,0.0,cold_start,idle,,,,,,,,,,,,,,,,,,,010B,NO DATA,no_data,critical,0.1.0,344148
2026-05-09T15:20:14,2026-05-09T10:20:14,no_trip,342,0.0,cold_start,idle,,,,,,,,,,,,,,,,,,,010D,NO DATA,no_data,critical,0.1.0,344148
2026-05-09T15:20:14,2026-05-09T10:20:14,no_trip,343,0.0,cold_start,idle,,,,,,,,,,,,,,,,,,,0105,NO DATA,no_data,critical,0.1.0,344148
2026-05-09T15:20:14,2026-05-09T10:20:14,no_trip,344,0.0,cold_start,idle,,,,,,,,,,,,,,,,,,,010C,NO DATA,no_data,critical,0.1.0,344148
2026-05-09T15:20:15,2026-05-09T10:20:15,no_trip,345,0.0,cold_start,idle,,,,,,,,,,,,,,,,,,,010B,NO DATA,no_data,critical,0.1.0,344148
2026-05-09T15:20:16,2026-05-09T10:20:16,no_trip,346,0.0,cold_start,idle,,,,,,,,,,,,,,,,,,,010D,NO DATA,no_data,critical,0.1.0,344148
2026-05-09T15:20:16,2026-05-09T10:20:16,no_trip,347,0.0,cold_start,idle,,,,,,,,,,,,,,,,,,,0105,NO DATA,no_data,critical,0.1.0,344148
2026-05-09T15:20:16,2026-05-09T10:20:16,no_trip,348,0.0,cold_start,idle,,,,,,,,,,,,,,,,,,,010C,NO DATA,no_data,critical,0.1.0,344148
2026-05-09T15:20:18,2026-05-09T10:20:18,no_trip,349,0.0,cold_start,idle,,,,,,,,,,,,,,,,,,,010B,NO DATA,no_data,critical,0.1.0,344148
2026-05-09T15:20:18,2026-05-09T10:20:18,no_trip,350,0.0,cold_start,idle,,,,,,,,,,,,,,,,,,,010D,NO DATA,no_data,critical,0.1.0,344148
2026-05-09T15:20:18,2026-05-09T10:20:18,no_trip,351,0.0,cold_start,idle,,,,,,,,,,,,,,,,,,,0105,NO DATA,no_data,critical,0.1.0,344148
2026-05-09T15:20:19,2026-05-09T10:20:19,no_trip,352,0.0,cold_start,idle,,,,,,,,,,,,,,,,,,,010C,NO DATA,no_data,critical,0.1.0,344148
2026-05-09T15:20:20,2026-05-09T10:20:20,no_trip,353,0.0,cold_start,idle,,,,,,,,,,,,,,,,,,,010B,NO DATA,no_data,critical,0.1.0,344148
2026-05-09T15:20:20,2026-05-09T10:20:20,no_trip,354,0.0,cold_start,idle,,,,,,,,,,,,,,,,,,,010D,NO DATA,no_data,critical,0.1.0,344148
2026-05-09T15:20:20,2026-05-09T10:20:20,no_trip,355,0.0,cold_start,idle,,,,,,,,,,,,,,,,,,,0105,NO DATA,no_data,critical,0.1.0,344148
2026-05-09T15:20:21,2026-05-09T10:20:21,no_trip,356,0.0,cold_start,idle,,,,,,,,,,,,,,,,,,,010C,NO DATA,no_data,critical,0.1.0,344148
2026-05-09T15:20:22,2026-05-09T10:20:22,no_trip,357,0.0,cold_start,idle,,,,,,,,,,,,,,,,,,,010B,NO DATA,no_data,critical,0.1.0,344148
2026-05-09T15:20:22,2026-05-09T10:20:22,no_trip,358,0.0,cold_start,idle,,,,,,,,,,,,,,,,,,,010D,NO DATA,no_data,critical,0.1.0,344148
2026-05-09T15:20:23,2026-05-09T10:20:23,no_trip,359,0.0,cold_start,idle,,,,,,,,,,,,,,,,,,,0105,NO DATA,no_data,critical,0.1.0,344148
2026-05-09T15:20:23,2026-05-09T10:20:23,no_trip,360,0.0,cold_start,idle,,,,,,,,,,,,,,,,,,,010C,NO DATA,no_data,critical,0.1.0,344148
2026-05-09T15:20:24,2026-05-09T10:20:24,no_trip,361,0.0,cold_start,idle,,,,,,,,,,,,,,,,,,,010B,NO DATA,no_data,critical,0.1.0,344148
2026-05-09T15:20:24,2026-05-09T10:20:24,no_trip,362,0.0,cold_start,idle,,,,,,,,,,,,,,,,,,,010D,NO DATA,no_data,critical,0.1.0,344148
2026-05-09T15:20:25,2026-05-09T10:20:25,no_trip,363,0.0,cold_start,idle,,,,,,,,,,,,,,,,,,,0105,NO DATA,no_data,critical,0.1.0,344148
2026-05-09T15:20:25,2026-05-09T10:20:25,no_trip,364,0.0,cold_start,idle,,,,,,,,,,,,,,,,,,,010C,NO DATA,no_data,critical,0.1.0,344148
2026-05-09T15:20:26,2026-05-09T10:20:26,no_trip,365,0.0,cold_start,idle,,,,,,,,,,,,,,,,,,,010B,NO DATA,no_data,critical,0.1.0,344148
2026-05-09T15:20:26,2026-05-09T10:20:26,no_trip,366,0.0,cold_start,idle,,,,,,,,,,,,,,,,,,,010D,NO DATA,no_data,critical,0.1.0,344148
2026-05-09T15:20:27,2026-05-09T10:20:27,no_trip,367,0.0,cold_start,idle,,,,,,,,,,,,,,,,,,,0105,NO DATA,no_data,critical,0.1.0,344148
2026-05-09T15:20:27,2026-05-09T10:20:27,no_trip,368,0.0,cold_start,idle,,,,,,,,,,,,,,,,,,,010C,NO DATA,no_data,critical,0.1.0,344148
2026-05-09T15:20:28,2026-05-09T10:20:28,no_trip,369,0.0,cold_start,idle,,,,,,,,,,,,,,,,,,,010B,NO DATA,no_data,critical,0.1.0,344148
2026-05-09T15:20:28,2026-05-09T10:20:28,no_trip,370,0.0,cold_start,idle,,,,,,,,,,,,,,,,,,,010D,NO DATA,no_data,critical,0.1.0,344148
2026-05-09T15:20:29,2026-05-09T10:20:29,no_trip,371,0.0,cold_start,idle,,,,,,,,,,,,,,,,,,,0105,NO DATA,no_data,critical,0.1.0,344148
2026-05-09T15:20:29,2026-05-09T10:20:29,no_trip,372,0.0,cold_start,idle,,,,,,,,,,,,,,,,,,,010C,NO DATA,no_data,critical,0.1.0,344148
2026-05-09T15:20:30,2026-05-09T10:20:30,no_trip,373,0.0,cold_start,idle,,,,,,,,,,,,,,,,,,,010B,NO DATA,no_data,critical,0.1.0,344148
2026-05-09T15:20:30,2026-05-09T10:20:30,no_trip,374,0.0,cold_start,idle,,,,,,,,,,,,,,,,,,,010D,NO DATA,no_data,critical,0.1.0,344148
2026-05-09T15:20:31,2026-05-09T10:20:31,no_trip,375,0.0,cold_start,idle,,,,,,,,,,,,,,,,,,,0105,NO DATA,no_data,critical,0.1.0,344148
2026-05-09T15:20:31,2026-05-09T10:20:31,no_trip,376,0.0,cold_start,idle,,,,,,,,,,,,,,,,,,,010C,NO DATA,no_data,critical,0.1.0,344148
2026-05-09T15:20:32,2026-05-09T10:20:32,no_trip,377,0.0,cold_start,idle,,,,,,,,,,,,,,,,,,,010B,NO DATA,no_data,critical,0.1.0,344148
2026-05-09T15:20:33,2026-05-09T10:20:33,no_trip,378,0.0,cold_start,idle,,,,,,,,,,,,,,,,,,,010D,NO DATA,no_data,critical,0.1.0,344148
2026-05-09T15:20:33,2026-05-09T10:20:33,no_trip,379,0.0,cold_start,idle,,,,,,,,,,,,,,,,,,,0105,NO DATA,no_data,critical,0.1.0,344148
2026-05-09T15:20:33,2026-05-09T10:20:33,no_trip,380,0.0,cold_start,idle,,,,,,,,,,,,,,,,,,,010C,NO DATA,no_data,critical,0.1.0,344148
2026-05-09T15:20:34,2026-05-09T10:20:34,no_trip,381,0.0,cold_start,idle,,,,,,,,,,,,,,,,,,,010B,NO DATA,no_data,critical,0.1.0,344148
2026-05-09T15:20:35,2026-05-09T10:20:35,no_trip,382,0.0,cold_start,idle,,,,,,,,,,,,,,,,,,,010D,NO DATA,no_data,critical,0.1.0,344148
2026-05-09T15:20:35,2026-05-09T10:20:35,no_trip,383,0.0,cold_start,idle,,,,,,,,,,,,,,,,,,,0105,NO DATA,no_data,critical,0.1.0,344148
2026-05-09T15:20:35,2026-05-09T10:20:35,no_trip,384,0.0,cold_start,idle,,,,,,,,,,,,,,,,,,,010C,NO DATA,no_data,critical,0.1.0,344148
2026-05-09T15:20:36,2026-05-09T10:20:36,no_trip,385,0.0,cold_start,idle,,,,,,,,,,,,,,,,,,,010B,NO DATA,no_data,critical,0.1.0,344148
2026-05-09T15:20:37,2026-05-09T10:20:37,no_trip,386,0.0,cold_start,idle,,,,,,,,,,,,,,,,,,,010D,NO DATA,no_data,critical,0.1.0,344148
2026-05-09T15:20:37,2026-05-09T10:20:37,no_trip,387,0.0,cold_start,idle,,,,,,,,,,,,,,,,,,,0105,NO DATA,no_data,critical,0.1.0,344148
2026-05-09T15:20:37,2026-05-09T10:20:37,no_trip,388,0.0,cold_start,idle,,,,,,,,,,,,,,,,,,,010C,NO DATA,no_data,critical,0.1.0,344148
2026-05-09T15:20:39,2026-05-09T10:20:39,no_trip,389,0.0,cold_start,idle,,,,,,,,,,,,,,,,,,,010B,NO DATA,no_data,critical,0.1.0,344148
2026-05-09T15:20:39,2026-05-09T10:20:39,no_trip,390,0.0,cold_start,idle,,,,,,,,,,,,,,,,,,,010D,NO DATA,no_data,critical,0.1.0,344148
2026-05-09T15:20:39,2026-05-09T10:20:39,no_trip,391,0.0,cold_start,idle,,,,,,,,,,,,,,,,,,,0105,NO DATA,no_data,critical,0.1.0,344148
2026-05-09T15:20:39,2026-05-09T10:20:39,no_trip,392,0.0,cold_start,idle,,,,,,,,,,,,,,,,,,,010C,NO DATA,no_data,critical,0.1.0,344148
2026-05-09T15:20:41,2026-05-09T10:20:41,no_trip,393,0.0,cold_start,idle,,,,,,,,,,,,,,,,,,,010B,NO DATA,no_data,critical,0.1.0,344148
2026-05-09T15:20:41,2026-05-09T10:20:41,no_trip,394,0.0,cold_start,idle,,,,,,,,,,,,,,,,,,,010D,NO DATA,no_data,critical,0.1.0,344148
2026-05-09T15:20:41,2026-05-09T10:20:41,no_trip,395,0.0,cold_start,idle,,,,,,,,,,,,,,,,,,,0105,NO DATA,no_data,critical,0.1.0,344148
2026-05-09T15:20:41,2026-05-09T10:20:41,no_trip,396,0.0,cold_start,idle,,,,,,,,,,,,,,,,,,,010C,NO DATA,no_data,critical,0.1.0,344148
2026-05-09T15:20:43,2026-05-09T10:20:43,no_trip,397,0.0,cold_start,idle,,,,,,,,,,,,,,,,,,,010B,NO DATA,no_data,critical,0.1.0,344148
2026-05-09T15:20:43,2026-05-09T10:20:43,no_trip,398,0.0,cold_start,idle,,,,,,,,,,,,,,,,,,,010D,NO DATA,no_data,critical,0.1.0,344148
2026-05-09T15:20:43,2026-05-09T10:20:43,no_trip,399,0.0,cold_start,idle,,,,,,,,,,,,,,,,,,,0105,NO DATA,no_data,critical,0.1.0,344148
2026-05-09T15:20:43,2026-05-09T10:20:43,no_trip,400,0.0,cold_start,idle,,,,,,,,,,,,,,,,,,,010C,NO DATA,no_data,critical,0.1.0,344148
2026-05-09T15:20:45,2026-05-09T10:20:45,no_trip,401,0.0,cold_start,idle,,,,,,,,,,,,,,,,,,,010B,NO DATA,no_data,critical,0.1.0,344148
2026-05-09T15:20:45,2026-05-09T10:20:45,no_trip,402,0.0,cold_start,idle,,,,,,,,,,,,,,,,,,,010D,NO DATA,no_data,critical,0.1.0,344148
2026-05-09T15:20:46,2026-05-09T10:20:46,no_trip,403,0.0,cold_start,idle,,,,,,,,,,,,,,,,,,,0105,NO DATA,no_data,critical,0.1.0,344148
2026-05-09T15:20:46,2026-05-09T10:20:46,no_trip,404,0.0,cold_start,idle,,,,,,,,,,,,,,,,,,,010C,NO DATA,no_data,critical,0.1.0,344148
2026-05-09T15:20:47,2026-05-09T10:20:47,no_trip,405,0.0,cold_start,idle,,,,,,,,,,,,,,,,,,,010B,NO DATA,no_data,critical,0.1.0,344148
2026-05-09T15:20:47,2026-05-09T10:20:47,no_trip,406,0.0,cold_start,idle,,,,,,,,,,,,,,,,,,,010D,NO DATA,no_data,critical,0.1.0,344148
2026-05-09T15:20:48,2026-05-09T10:20:48,no_trip,407,0.0,cold_start,idle,,,,,,,,,,,,,,,,,,,0105,NO DATA,no_data,critical,0.1.0,344148
2026-05-09T15:20:48,2026-05-09T10:20:48,no_trip,408,0.0,cold_start,idle,,,,,,,,,,,,,,,,,,,010C,NO DATA,no_data,critical,0.1.0,344148
2026-05-09T15:20:49,2026-05-09T10:20:49,no_trip,409,0.0,cold_start,idle,,,,,,,,,,,,,,,,,,,010B,NO DATA,no_data,critical,0.1.0,344148
2026-05-09T15:20:49,2026-05-09T10:20:49,no_trip,410,0.0,cold_start,idle,,,,,,,,,,,,,,,,,,,010D,NO DATA,no_data,critical,0.1.0,344148
2026-05-09T15:20:50,2026-05-09T10:20:50,no_trip,411,0.0,cold_start,idle,,,,,,,,,,,,,,,,,,,0105,NO DATA,no_data,critical,0.1.0,344148
2026-05-09T15:20:50,2026-05-09T10:20:50,no_trip,412,0.0,cold_start,idle,,,,,,,,,,,,,,,,,,,010C,NO DATA,no_data,critical,0.1.0,344148
2026-05-09T15:20:51,2026-05-09T10:20:51,no_trip,413,0.0,cold_start,idle,,,,,,,,,,,,,,,,,,,010B,NO DATA,no_data,critical,0.1.0,344148
2026-05-09T15:20:52,2026-05-09T10:20:52,no_trip,414,0.0,cold_start,idle,,,,,,,,,,,,,,,,,,,010D,NO DATA,no_data,critical,0.1.0,344148
2026-05-09T15:20:52,2026-05-09T10:20:52,no_trip,415,0.0,cold_start,idle,,,,,,,,,,,,,,,,,,,0105,NO DATA,no_data,critical,0.1.0,344148
2026-05-09T15:20:52,2026-05-09T10:20:52,no_trip,416,0.0,cold_start,idle,,,,,,,,,,,,,,,,,,,010C,NO DATA,no_data,critical,0.1.0,344148
2026-05-09T15:20:53,2026-05-09T10:20:53,no_trip,417,0.0,cold_start,idle,,,,,,,,,,,,,,,,,,,010B,NO DATA,no_data,critical,0.1.0,344148
2026-05-09T15:20:54,2026-05-09T10:20:54,no_trip,418,0.0,cold_start,idle,,,,,,,,,,,,,,,,,,,010D,NO DATA,no_data,critical,0.1.0,344148
2026-05-09T15:20:54,2026-05-09T10:20:54,no_trip,419,0.0,cold_start,idle,,,,,,,,,,,,,,,,,,,0105,NO DATA,no_data,critical,0.1.0,344148
2026-05-09T15:20:54,2026-05-09T10:20:54,no_trip,420,0.0,cold_start,idle,,,,,,,,,,,,,,,,,,,010C,NO DATA,no_data,critical,0.1.0,344148
2026-05-09T15:20:55,2026-05-09T10:20:55,no_trip,421,0.0,cold_start,idle,,,,,,,,,,,,,,,,,,,010B,NO DATA,no_data,critical,0.1.0,344148
2026-05-09T15:20:56,2026-05-09T10:20:56,no_trip,422,0.0,cold_start,idle,,,,,,,,,,,,,,,,,,,010D,NO DATA,no_data,critical,0.1.0,344148
2026-05-09T15:20:56,2026-05-09T10:20:56,no_trip,423,0.0,cold_start,idle,,,,,,,,,,,,,,,,,,,0105,NO DATA,no_data,critical,0.1.0,344148
2026-05-09T15:20:56,2026-05-09T10:20:56,no_trip,424,0.0,cold_start,idle,,,,,,,,,,,,,,,,,,,010C,NO DATA,no_data,critical,0.1.0,344148
2026-05-09T15:20:57,2026-05-09T10:20:57,no_trip,425,0.0,cold_start,idle,,,,,,,,,,,,,,,,,,,010B,NO DATA,no_data,critical,0.1.0,344148
2026-05-09T15:20:58,2026-05-09T10:20:58,no_trip,426,0.0,cold_start,idle,,,,,,,,,,,,,,,,,,,010D,NO DATA,no_data,critical,0.1.0,344148
2026-05-09T15:20:58,2026-05-09T10:20:58,no_trip,427,0.0,cold_start,idle,,,,,,,,,,,,,,,,,,,0105,NO DATA,no_data,critical,0.1.0,344148
2026-05-09T15:20:58,2026-05-09T10:20:58,no_trip,428,0.0,cold_start,idle,,,,,,,,,,,,,,,,,,,010C,NO DATA,no_data,critical,0.1.0,344148
2026-05-09T15:21:00,2026-05-09T10:21:00,no_trip,429,0.0,cold_start,idle,,,,,,,,,,,,,,,,,,,010B,NO DATA,no_data,critical,0.1.0,344148
2026-05-09T15:21:00,2026-05-09T10:21:00,no_trip,430,0.0,cold_start,idle,,,,,,,,,,,,,,,,,,,010D,NO DATA,no_data,critical,0.1.0,344148
2026-05-09T15:21:00,2026-05-09T10:21:00,no_trip,431,0.0,cold_start,idle,,,,,,,,,,,,,,,,,,,0105,NO DATA,no_data,critical,0.1.0,344148
2026-05-09T15:21:00,2026-05-09T10:21:00,no_trip,432,0.0,cold_start,idle,,,,,,,,,,,,,,,,,,,010C,NO DATA,no_data,critical,0.1.0,344148
2026-05-09T15:21:02,2026-05-09T10:21:02,no_trip,433,0.0,cold_start,idle,,,,,,,,,,,,,,,,,,,010B,NO DATA,no_data,critical,0.1.0,344148
2026-05-09T15:21:02,2026-05-09T10:21:02,no_trip,434,0.0,cold_start,idle,,,,,,,,,,,,,,,,,,,010D,NO DATA,no_data,critical,0.1.0,344148
2026-05-09T15:21:02,2026-05-09T10:21:02,no_trip,435,0.0,cold_start,idle,,,,,,,,,,,,,,,,,,,0105,NO DATA,no_data,critical,0.1.0,344148
2026-05-09T15:21:02,2026-05-09T10:21:02,no_trip,436,0.0,cold_start,idle,,,,,,,,,,,,,,,,,,,010C,NO DATA,no_data,critical,0.1.0,344148
2026-05-09T15:21:04,2026-05-09T10:21:04,no_trip,437,0.0,cold_start,idle,,,,,,,,,,,,,,,,,,,010B,NO DATA,no_data,critical,0.1.0,344148
2026-05-09T15:21:04,2026-05-09T10:21:04,no_trip,438,0.0,cold_start,idle,,,,,,,,,,,,,,,,,,,010D,NO DATA,no_data,critical,0.1.0,344148
2026-05-09T15:21:04,2026-05-09T10:21:04,no_trip,439,0.0,cold_start,idle,,,,,,,,,,,,,,,,,,,0105,NO DATA,no_data,critical,0.1.0,344148
2026-05-09T15:21:05,2026-05-09T10:21:05,no_trip,440,0.0,cold_start,idle,,,,,,,,,,,,,,,,,,,010C,NO DATA,no_data,critical,0.1.0,344148
2026-05-09T15:21:06,2026-05-09T10:21:06,no_trip,441,0.0,cold_start,idle,,,,,,,,,,,,,,,,,,,010B,NO DATA,no_data,critical,0.1.0,344148
2026-05-09T15:21:06,2026-05-09T10:21:06,no_trip,442,0.0,cold_start,idle,,,,,,,,,,,,,,,,,,,010D,NO DATA,no_data,critical,0.1.0,344148
2026-05-09T15:21:06,2026-05-09T10:21:06,no_trip,443,0.0,cold_start,idle,,,,,,,,,,,,,,,,,,,0105,NO DATA,no_data,critical,0.1.0,344148
2026-05-09T15:21:07,2026-05-09T10:21:07,no_trip,444,0.0,cold_start,idle,,,,,,,,,,,,,,,,,,,010C,NO DATA,no_data,critical,0.1.0,344148
2026-05-09T15:21:08,2026-05-09T10:21:08,no_trip,445,0.0,cold_start,idle,,,,,,,,,,,,,,,,,,,010B,NO DATA,no_data,critical,0.1.0,344148
2026-05-09T15:21:08,2026-05-09T10:21:08,no_trip,446,0.0,cold_start,idle,,,,,,,,,,,,,,,,,,,010D,NO DATA,no_data,critical,0.1.0,344148
2026-05-09T15:21:08,2026-05-09T10:21:08,no_trip,447,0.0,cold_start,idle,,,,,,,,,,,,,,,,,,,0105,NO DATA,no_data,critical,0.1.0,344148
2026-05-09T15:21:09,2026-05-09T10:21:09,no_trip,448,0.0,cold_start,idle,,,,,,,,,,,,,,,,,,,010C,NO DATA,no_data,critical,0.1.0,344148
2026-05-09T15:21:10,2026-05-09T10:21:10,no_trip,449,0.0,cold_start,idle,,,,,,,,,,,,,,,,,,,010B,NO DATA,no_data,critical,0.1.0,344148
2026-05-09T15:21:10,2026-05-09T10:21:10,no_trip,450,0.0,cold_start,idle,,,,,,,,,,,,,,,,,,,010D,NO DATA,no_data,critical,0.1.0,344148
2026-05-09T15:21:11,2026-05-09T10:21:11,no_trip,451,0.0,cold_start,idle,,,,,,,,,,,,,,,,,,,0105,NO DATA,no_data,critical,0.1.0,344148
2026-05-09T15:21:11,2026-05-09T10:21:11,no_trip,452,0.0,cold_start,idle,,,,,,,,,,,,,,,,,,,010C,NO DATA,no_data,critical,0.1.0,344148
2026-05-09T15:21:12,2026-05-09T10:21:12,no_trip,453,0.0,cold_start,idle,,,,,,,,,,,,,,,,,,,010B,NO DATA,no_data,critical,0.1.0,344148
2026-05-09T15:21:13,2026-05-09T10:21:13,no_trip,454,0.0,cold_start,idle,,,,,,,,,,,,,,,,,,,010D,NO DATA,no_data,critical,0.1.0,344148
2026-05-09T15:21:13,2026-05-09T10:21:13,no_trip,455,0.0,cold_start,idle,,,,,,,,,,,,,,,,,,,0105,NO DATA,no_data,critical,0.1.0,344148
2026-05-09T15:21:13,2026-05-09T10:21:13,no_trip,456,0.0,cold_start,idle,,,,,,,,,,,,,,,,,,,010C,NO DATA,no_data,critical,0.1.0,344148
2026-05-09T15:21:14,2026-05-09T10:21:14,no_trip,457,0.0,cold_start,idle,,,,,,,,,,,,,,,,,,,010B,NO DATA,no_data,critical,0.1.0,344148
2026-05-09T15:21:15,2026-05-09T10:21:15,no_trip,458,0.0,cold_start,idle,,,,,,,,,,,,,,,,,,,010D,NO DATA,no_data,critical,0.1.0,344148
2026-05-09T15:21:15,2026-05-09T10:21:15,no_trip,459,0.0,cold_start,idle,,,,,,,,,,,,,,,,,,,0105,NO DATA,no_data,critical,0.1.0,344148
2026-05-09T15:21:15,2026-05-09T10:21:15,no_trip,460,0.0,cold_start,idle,,,,,,,,,,,,,,,,,,,010C,NO DATA,no_data,critical,0.1.0,344148
2026-05-09T15:21:17,2026-05-09T10:21:17,no_trip,461,0.0,cold_start,idle,,,,,,,,,,,,,,,,,,,010B,NO DATA,no_data,critical,0.1.0,344148
2026-05-09T15:21:17,2026-05-09T10:21:17,no_trip,462,0.0,cold_start,idle,,,,,,,,,,,,,,,,,,,010D,NO DATA,no_data,critical,0.1.0,344148
2026-05-09T15:21:17,2026-05-09T10:21:17,no_trip,463,0.0,cold_start,idle,,,,,,,,,,,,,,,,,,,0105,NO DATA,no_data,critical,0.1.0,344148
2026-05-09T15:21:17,2026-05-09T10:21:17,no_trip,464,0.0,cold_start,idle,,,,,,,,,,,,,,,,,,,010C,NO DATA,no_data,critical,0.1.0,344148
2026-05-09T15:21:19,2026-05-09T10:21:19,no_trip,465,0.0,cold_start,idle,,,,,,,,,,,,,,,,,,,010B,NO DATA,no_data,critical,0.1.0,344148
2026-05-09T15:21:19,2026-05-09T10:21:19,no_trip,466,0.0,cold_start,idle,,,,,,,,,,,,,,,,,,,010D,NO DATA,no_data,critical,0.1.0,344148
2026-05-09T15:21:19,2026-05-09T10:21:19,no_trip,467,0.0,cold_start,idle,,,,,,,,,,,,,,,,,,,0105,NO DATA,no_data,critical,0.1.0,344148
2026-05-09T15:21:19,2026-05-09T10:21:19,no_trip,468,0.0,cold_start,idle,,,,,,,,,,,,,,,,,,,010C,NO DATA,no_data,critical,0.1.0,344148
2026-05-09T15:21:21,2026-05-09T10:21:21,no_trip,469,0.0,cold_start,idle,,,,,,,,,,,,,,,,,,,010B,NO DATA,no_data,critical,0.1.0,344148
2026-05-09T15:21:21,2026-05-09T10:21:21,no_trip,470,0.0,cold_start,idle,,,,,,,,,,,,,,,,,,,010D,NO DATA,no_data,critical,0.1.0,344148
2026-05-09T15:21:21,2026-05-09T10:21:21,no_trip,471,0.0,cold_start,idle,,,,,,,,,,,,,,,,,,,0105,NO DATA,no_data,critical,0.1.0,344148
2026-05-09T15:21:22,2026-05-09T10:21:22,no_trip,472,0.0,cold_start,idle,,,,,,,,,,,,,,,,,,,010C,NO DATA,no_data,critical,0.1.0,344148
2026-05-09T15:21:23,2026-05-09T10:21:23,no_trip,473,0.0,cold_start,idle,,,,,,,,,,,,,,,,,,,010B,NO DATA,no_data,critical,0.1.0,344148
2026-05-09T15:21:23,2026-05-09T10:21:23,no_trip,474,0.0,cold_start,idle,,,,,,,,,,,,,,,,,,,010D,NO DATA,no_data,critical,0.1.0,344148
2026-05-09T15:21:23,2026-05-09T10:21:23,no_trip,475,0.0,cold_start,idle,,,,,,,,,,,,,,,,,,,0105,NO DATA,no_data,critical,0.1.0,344148
2026-05-09T15:21:24,2026-05-09T10:21:24,no_trip,476,0.0,cold_start,idle,,,,,,,,,,,,,,,,,,,010C,NO DATA,no_data,critical,0.1.0,344148
2026-05-09T15:21:25,2026-05-09T10:21:25,no_trip,477,0.0,cold_start,idle,,,,,,,,,,,,,,,,,,,010B,NO DATA,no_data,critical,0.1.0,344148
2026-05-09T15:21:25,2026-05-09T10:21:25,no_trip,478,0.0,cold_start,idle,,,,,,,,,,,,,,,,,,,010D,NO DATA,no_data,critical,0.1.0,344148
2026-05-09T15:21:25,2026-05-09T10:21:25,no_trip,479,0.0,cold_start,idle,,,,,,,,,,,,,,,,,,,0105,NO DATA,no_data,critical,0.1.0,344148
2026-05-09T15:21:26,2026-05-09T10:21:26,no_trip,480,0.0,cold_start,idle,,,,,,,,,,,,,,,,,,,010C,NO DATA,no_data,critical,0.1.0,344148
2026-05-09T15:21:27,2026-05-09T10:21:27,no_trip,481,0.0,cold_start,idle,,,,,,,,,,,,,,,,,,,010B,NO DATA,no_data,critical,0.1.0,344148
2026-05-09T15:21:27,2026-05-09T10:21:27,no_trip,482,0.0,cold_start,idle,,,,,,,,,,,,,,,,,,,010D,NO DATA,no_data,critical,0.1.0,344148
2026-05-09T15:21:28,2026-05-09T10:21:28,no_trip,483,0.0,cold_start,idle,,,,,,,,,,,,,,,,,,,0105,NO DATA,no_data,critical,0.1.0,344148
2026-05-09T15:21:28,2026-05-09T10:21:28,no_trip,484,0.0,cold_start,idle,,,,,,,,,,,,,,,,,,,010C,NO DATA,no_data,critical,0.1.0,344148
2026-05-09T15:21:29,2026-05-09T10:21:29,no_trip,485,0.0,cold_start,idle,,,,,,,,,,,,,,,,,,,010B,NO DATA,no_data,critical,0.1.0,344148
2026-05-09T15:21:29,2026-05-09T10:21:29,no_trip,486,0.0,cold_start,idle,,,,,,,,,,,,,,,,,,,010D,NO DATA,no_data,critical,0.1.0,344148
2026-05-09T15:21:30,2026-05-09T10:21:30,no_trip,487,0.0,cold_start,idle,,,,,,,,,,,,,,,,,,,0105,NO DATA,no_data,critical,0.1.0,344148
2026-05-09T15:21:30,2026-05-09T10:21:30,no_trip,488,0.0,cold_start,idle,,,,,,,,,,,,,,,,,,,010C,NO DATA,no_data,critical,0.1.0,344148
2026-05-09T15:21:31,2026-05-09T10:21:31,no_trip,489,0.0,cold_start,idle,,,,,,,,,,,,,,,,,,,010B,NO DATA,no_data,critical,0.1.0,344148
2026-05-09T15:21:31,2026-05-09T10:21:31,no_trip,490,0.0,cold_start,idle,,,,,,,,,,,,,,,,,,,010D,NO DATA,no_data,critical,0.1.0,344148
2026-05-09T15:21:32,2026-05-09T10:21:32,no_trip,491,0.0,cold_start,idle,,,,,,,,,,,,,,,,,,,0105,NO DATA,no_data,critical,0.1.0,344148
2026-05-09T15:21:32,2026-05-09T10:21:32,no_trip,492,0.0,cold_start,idle,,,,,,,,,,,,,,,,,,,010C,NO DATA,no_data,critical,0.1.0,344148
2026-05-09T15:21:33,2026-05-09T10:21:33,no_trip,493,0.0,cold_start,idle,,,,,,,,,,,,,,,,,,,010B,NO DATA,no_data,critical,0.1.0,344148
2026-05-09T15:21:34,2026-05-09T10:21:34,no_trip,494,0.0,cold_start,idle,,,,,,,,,,,,,,,,,,,010D,NO DATA,no_data,critical,0.1.0,344148
2026-05-09T15:21:34,2026-05-09T10:21:34,no_trip,495,0.0,cold_start,idle,,,,,,,,,,,,,,,,,,,0105,NO DATA,no_data,critical,0.1.0,344148
2026-05-09T15:21:34,2026-05-09T10:21:34,no_trip,496,0.0,cold_start,idle,,,,,,,,,,,,,,,,,,,010C,NO DATA,no_data,critical,0.1.0,344148
2026-05-09T15:21:35,2026-05-09T10:21:35,no_trip,497,0.0,cold_start,idle,,,,,,,,,,,,,,,,,,,010B,NO DATA,no_data,critical,0.1.0,344148
2026-05-09T15:21:36,2026-05-09T10:21:36,no_trip,498,0.0,cold_start,idle,,,,,,,,,,,,,,,,,,,010D,NO DATA,no_data,critical,0.1.0,344148
2026-05-09T15:21:36,2026-05-09T10:21:36,no_trip,499,0.0,cold_start,idle,,,,,,,,,,,,,,,,,,,0105,NO DATA,no_data,critical,0.1.0,344148
2026-05-09T15:21:36,2026-05-09T10:21:36,no_trip,500,0.0,cold_start,idle,,,,,,,,,,,,,,,,,,,010C,NO DATA,no_data,critical,0.1.0,344148
2026-05-09T15:21:38,2026-05-09T10:21:38,no_trip,501,0.0,cold_start,idle,,,,,,,,,,,,,,,,,,,010B,NO DATA,no_data,critical,0.1.0,344148
2026-05-09T15:21:38,2026-05-09T10:21:38,no_trip,502,0.0,cold_start,idle,,,,,,,,,,,,,,,,,,,010D,NO DATA,no_data,critical,0.1.0,344148
2026-05-09T15:21:38,2026-05-09T10:21:38,no_trip,503,0.0,cold_start,idle,,,,,,,,,,,,,,,,,,,0105,NO DATA,no_data,critical,0.1.0,344148
2026-05-09T15:21:39,2026-05-09T10:21:39,no_trip,504,0.0,cold_start,idle,,,,,,,,,,,,,,,,,,,010C,NO DATA,no_data,critical,0.1.0,344148
2026-05-09T15:21:40,2026-05-09T10:21:40,no_trip,505,0.0,cold_start,idle,,,,,,,,,,,,,,,,,,,010B,NO DATA,no_data,critical,0.1.0,344148
2026-05-09T15:21:40,2026-05-09T10:21:40,no_trip,506,0.0,cold_start,idle,,,,,,,,,,,,,,,,,,,010D,NO DATA,no_data,critical,0.1.0,344148
2026-05-09T15:21:40,2026-05-09T10:21:40,no_trip,507,0.0,cold_start,idle,,,,,,,,,,,,,,,,,,,0105,NO DATA,no_data,critical,0.1.0,344148
2026-05-09T15:21:41,2026-05-09T10:21:41,no_trip,508,0.0,cold_start,idle,,,,,,,,,,,,,,,,,,,010C,NO DATA,no_data,critical,0.1.0,344148
2026-05-09T15:21:42,2026-05-09T10:21:42,no_trip,509,0.0,cold_start,idle,,,,,,,,,,,,,,,,,,,010B,NO DATA,no_data,critical,0.1.0,344148
2026-05-09T15:21:42,2026-05-09T10:21:42,no_trip,510,0.0,cold_start,idle,,,,,,,,,,,,,,,,,,,010D,NO DATA,no_data,critical,0.1.0,344148
2026-05-09T15:21:42,2026-05-09T10:21:42,no_trip,511,0.0,cold_start,idle,,,,,,,,,,,,,,,,,,,0105,NO DATA,no_data,critical,0.1.0,344148
2026-05-09T15:21:43,2026-05-09T10:21:43,no_trip,512,0.0,cold_start,idle,,,,,,,,,,,,,,,,,,,010C,NO DATA,no_data,critical,0.1.0,344148
2026-05-09T15:21:44,2026-05-09T10:21:44,no_trip,513,0.0,cold_start,idle,,,,,,,,,,,,,,,,,,,010B,NO DATA,no_data,critical,0.1.0,344148
2026-05-09T15:21:44,2026-05-09T10:21:44,no_trip,514,0.0,cold_start,idle,,,,,,,,,,,,,,,,,,,010D,NO DATA,no_data,critical,0.1.0,344148
2026-05-09T15:21:44,2026-05-09T10:21:44,no_trip,515,0.0,cold_start,idle,,,,,,,,,,,,,,,,,,,0105,NO DATA,no_data,critical,0.1.0,344148
2026-05-09T15:21:45,2026-05-09T10:21:45,no_trip,516,0.0,cold_start,idle,,,,,,,,,,,,,,,,,,,010C,NO DATA,no_data,critical,0.1.0,344148
2026-05-09T15:21:46,2026-05-09T10:21:46,no_trip,517,0.0,cold_start,idle,,,,,,,,,,,,,,,,,,,010B,NO DATA,no_data,critical,0.1.0,344148
2026-05-09T15:21:46,2026-05-09T10:21:46,no_trip,518,0.0,cold_start,idle,,,,,,,,,,,,,,,,,,,010D,NO DATA,no_data,critical,0.1.0,344148
2026-05-09T15:21:47,2026-05-09T10:21:47,no_trip,519,0.0,cold_start,idle,,,,,,,,,,,,,,,,,,,0105,NO DATA,no_data,critical,0.1.0,344148
2026-05-09T15:21:47,2026-05-09T10:21:47,no_trip,520,0.0,cold_start,idle,,,,,,,,,,,,,,,,,,,010C,NO DATA,no_data,critical,0.1.0,344148
2026-05-09T15:21:48,2026-05-09T10:21:48,no_trip,521,0.0,cold_start,idle,,,,,,,,,,,,,,,,,,,010B,NO DATA,no_data,critical,0.1.0,344148
2026-05-09T15:21:48,2026-05-09T10:21:48,no_trip,522,0.0,cold_start,idle,,,,,,,,,,,,,,,,,,,010D,NO DATA,no_data,critical,0.1.0,344148
2026-05-09T15:21:49,2026-05-09T10:21:49,no_trip,523,0.0,cold_start,idle,,,,,,,,,,,,,,,,,,,0105,NO DATA,no_data,critical,0.1.0,344148
2026-05-09T15:21:49,2026-05-09T10:21:49,no_trip,524,0.0,cold_start,idle,,,,,,,,,,,,,,,,,,,010C,NO DATA,no_data,critical,0.1.0,344148
2026-05-09T15:21:50,2026-05-09T10:21:50,no_trip,525,0.0,cold_start,idle,,,,,,,,,,,,,,,,,,,010B,NO DATA,no_data,critical,0.1.0,344148
2026-05-09T15:21:50,2026-05-09T10:21:50,no_trip,526,0.0,cold_start,idle,,,,,,,,,,,,,,,,,,,010D,NO DATA,no_data,critical,0.1.0,344148
2026-05-09T15:21:51,2026-05-09T10:21:51,no_trip,527,0.0,cold_start,idle,,,,,,,,,,,,,,,,,,,0105,NO DATA,no_data,critical,0.1.0,344148
2026-05-09T15:21:51,2026-05-09T10:21:51,no_trip,528,0.0,cold_start,idle,,,,,,,,,,,,,,,,,,,010C,NO DATA,no_data,critical,0.1.0,344148
2026-05-09T15:21:52,2026-05-09T10:21:52,no_trip,529,0.0,cold_start,idle,,,,,,,,,,,,,,,,,,,010B,NO DATA,no_data,critical,0.1.0,344148
2026-05-09T15:21:52,2026-05-09T10:21:52,no_trip,530,0.0,cold_start,idle,,,,,,,,,,,,,,,,,,,010D,NO DATA,no_data,critical,0.1.0,344148
2026-05-09T15:21:53,2026-05-09T10:21:53,no_trip,531,0.0,cold_start,idle,,,,,,,,,,,,,,,,,,,0105,NO DATA,no_data,critical,0.1.0,344148
2026-05-09T15:21:53,2026-05-09T10:21:53,no_trip,532,0.0,cold_start,idle,,,,,,,,,,,,,,,,,,,010C,NO DATA,no_data,critical,0.1.0,344148
2026-05-09T15:21:54,2026-05-09T10:21:54,no_trip,533,0.0,cold_start,idle,,,,,,,,,,,,,,,,,,,010B,NO DATA,no_data,critical,0.1.0,344148
2026-05-09T15:21:55,2026-05-09T10:21:55,no_trip,534,0.0,cold_start,idle,,,,,,,,,,,,,,,,,,,010D,NO DATA,no_data,critical,0.1.0,344148
2026-05-09T15:21:55,2026-05-09T10:21:55,no_trip,535,0.0,cold_start,idle,,,,,,,,,,,,,,,,,,,0105,NO DATA,no_data,critical,0.1.0,344148
2026-05-09T15:21:55,2026-05-09T10:21:55,no_trip,536,0.0,cold_start,idle,,,,,,,,,,,,,,,,,,,010C,NO DATA,no_data,critical,0.1.0,344148
2026-05-09T15:21:56,2026-05-09T10:21:56,no_trip,537,0.0,cold_start,idle,,,,,,,,,,,,,,,,,,,010B,NO DATA,no_data,critical,0.1.0,344148
2026-05-09T15:21:57,2026-05-09T10:21:57,no_trip,538,0.0,cold_start,idle,,,,,,,,,,,,,,,,,,,010D,NO DATA,no_data,critical,0.1.0,344148
2026-05-09T15:21:57,2026-05-09T10:21:57,no_trip,539,0.0,cold_start,idle,,,,,,,,,,,,,,,,,,,0105,NO DATA,no_data,critical,0.1.0,344148
2026-05-09T15:21:57,2026-05-09T10:21:57,no_trip,540,0.0,cold_start,idle,,,,,,,,,,,,,,,,,,,010C,NO DATA,no_data,critical,0.1.0,344148
2026-05-09T15:21:58,2026-05-09T10:21:58,no_trip,541,0.0,cold_start,idle,,,,,,,,,,,,,,,,,,,010B,NO DATA,no_data,critical,0.1.0,344148
2026-05-09T15:21:59,2026-05-09T10:21:59,no_trip,542,0.0,cold_start,idle,,,,,,,,,,,,,,,,,,,010D,NO DATA,no_data,critical,0.1.0,344148
2026-05-09T15:21:59,2026-05-09T10:21:59,no_trip,543,0.0,cold_start,idle,,,,,,,,,,,,,,,,,,,0105,NO DATA,no_data,critical,0.1.0,344148
2026-05-09T15:21:59,2026-05-09T10:21:59,no_trip,544,0.0,cold_start,idle,,,,,,,,,,,,,,,,,,,010C,NO DATA,no_data,critical,0.1.0,344148
2026-05-09T15:22:01,2026-05-09T10:22:01,no_trip,545,0.0,cold_start,idle,,,,,,,,,,,,,,,,,,,010B,NO DATA,no_data,critical,0.1.0,344148
2026-05-09T15:22:01,2026-05-09T10:22:01,no_trip,546,0.0,cold_start,idle,,,,,,,,,,,,,,,,,,,010D,NO DATA,no_data,critical,0.1.0,344148
2026-05-09T15:22:01,2026-05-09T10:22:01,no_trip,547,0.0,cold_start,idle,,,,,,,,,,,,,,,,,,,0105,NO DATA,no_data,critical,0.1.0,344148
2026-05-09T15:22:01,2026-05-09T10:22:01,no_trip,548,0.0,cold_start,idle,,,,,,,,,,,,,,,,,,,010C,NO DATA,no_data,critical,0.1.0,344148
2026-05-09T15:22:03,2026-05-09T10:22:03,no_trip,549,0.0,cold_start,idle,,,,,,,,,,,,,,,,,,,010B,NO DATA,no_data,critical,0.1.0,344148
2026-05-09T15:22:03,2026-05-09T10:22:03,no_trip,550,0.0,cold_start,idle,,,,,,,,,,,,,,,,,,,010D,NO DATA,no_data,critical,0.1.0,344148
2026-05-09T15:22:03,2026-05-09T10:22:03,no_trip,551,0.0,cold_start,idle,,,,,,,,,,,,,,,,,,,0105,NO DATA,no_data,critical,0.1.0,344148
2026-05-09T15:22:04,2026-05-09T10:22:04,no_trip,552,0.0,cold_start,idle,,,,,,,,,,,,,,,,,,,010C,NO DATA,no_data,critical,0.1.0,344148
2026-05-09T15:22:05,2026-05-09T10:22:05,no_trip,553,0.0,cold_start,idle,,,,,,,,,,,,,,,,,,,010B,NO DATA,no_data,critical,0.1.0,344148
2026-05-09T15:22:05,2026-05-09T10:22:05,no_trip,554,0.0,cold_start,idle,,,,,,,,,,,,,,,,,,,010D,NO DATA,no_data,critical,0.1.0,344148
2026-05-09T15:22:05,2026-05-09T10:22:05,no_trip,555,0.0,cold_start,idle,,,,,,,,,,,,,,,,,,,0105,NO DATA,no_data,critical,0.1.0,344148
2026-05-09T15:22:06,2026-05-09T10:22:06,no_trip,556,0.0,cold_start,idle,,,,,,,,,,,,,,,,,,,010C,NO DATA,no_data,critical,0.1.0,344148
2026-05-09T15:22:07,2026-05-09T10:22:07,no_trip,557,0.0,cold_start,idle,,,,,,,,,,,,,,,,,,,010B,NO DATA,no_data,critical,0.1.0,344148
2026-05-09T15:22:07,2026-05-09T10:22:07,no_trip,558,0.0,cold_start,idle,,,,,,,,,,,,,,,,,,,010D,NO DATA,no_data,critical,0.1.0,344148
2026-05-09T15:22:08,2026-05-09T10:22:08,no_trip,559,0.0,cold_start,idle,,,,,,,,,,,,,,,,,,,0105,NO DATA,no_data,critical,0.1.0,344148
2026-05-09T15:22:08,2026-05-09T10:22:08,no_trip,560,0.0,cold_start,idle,,,,,,,,,,,,,,,,,,,010C,NO DATA,no_data,critical,0.1.0,344148
2026-05-09T15:22:09,2026-05-09T10:22:09,no_trip,561,0.0,cold_start,idle,,,,,,,,,,,,,,,,,,,010B,NO DATA,no_data,critical,0.1.0,344148
2026-05-09T15:22:09,2026-05-09T10:22:09,no_trip,562,0.0,cold_start,idle,,,,,,,,,,,,,,,,,,,010D,NO DATA,no_data,critical,0.1.0,344148
2026-05-09T15:22:10,2026-05-09T10:22:10,no_trip,563,0.0,cold_start,idle,,,,,,,,,,,,,,,,,,,0105,NO DATA,no_data,critical,0.1.0,344148
2026-05-09T15:22:10,2026-05-09T10:22:10,no_trip,564,0.0,cold_start,idle,,,,,,,,,,,,,,,,,,,010C,NO DATA,no_data,critical,0.1.0,344148
2026-05-09T15:22:11,2026-05-09T10:22:11,no_trip,565,0.0,cold_start,idle,,,,,,,,,,,,,,,,,,,010B,NO DATA,no_data,critical,0.1.0,344148
2026-05-09T15:22:11,2026-05-09T10:22:11,no_trip,566,0.0,cold_start,idle,,,,,,,,,,,,,,,,,,,010D,NO DATA,no_data,critical,0.1.0,344148
2026-05-09T15:22:12,2026-05-09T10:22:12,no_trip,567,0.0,cold_start,idle,,,,,,,,,,,,,,,,,,,0105,NO DATA,no_data,critical,0.1.0,344148
2026-05-09T15:22:12,2026-05-09T10:22:12,no_trip,568,0.0,cold_start,idle,,,,,,,,,,,,,,,,,,,010C,NO DATA,no_data,critical,0.1.0,344148
2026-05-09T15:22:13,2026-05-09T10:22:13,no_trip,569,0.0,cold_start,idle,,,,,,,,,,,,,,,,,,,010B,NO DATA,no_data,critical,0.1.0,344148
2026-05-09T15:22:13,2026-05-09T10:22:13,no_trip,570,0.0,cold_start,idle,,,,,,,,,,,,,,,,,,,010D,NO DATA,no_data,critical,0.1.0,344148
2026-05-09T15:22:14,2026-05-09T10:22:14,no_trip,571,0.0,cold_start,idle,,,,,,,,,,,,,,,,,,,0105,NO DATA,no_data,critical,0.1.0,344148
2026-05-09T15:22:14,2026-05-09T10:22:14,no_trip,572,0.0,cold_start,idle,,,,,,,,,,,,,,,,,,,010C,NO DATA,no_data,critical,0.1.0,344148
2026-05-09T15:22:15,2026-05-09T10:22:15,no_trip,573,0.0,cold_start,idle,,,,,,,,,,,,,,,,,,,010B,NO DATA,no_data,critical,0.1.0,344148
2026-05-09T15:22:16,2026-05-09T10:22:16,no_trip,574,0.0,cold_start,idle,,,,,,,,,,,,,,,,,,,010D,NO DATA,no_data,critical,0.1.0,344148
2026-05-09T15:22:16,2026-05-09T10:22:16,no_trip,575,0.0,cold_start,idle,,,,,,,,,,,,,,,,,,,0105,NO DATA,no_data,critical,0.1.0,344148
2026-05-09T15:22:16,2026-05-09T10:22:16,no_trip,576,0.0,cold_start,idle,,,,,,,,,,,,,,,,,,,010C,NO DATA,no_data,critical,0.1.0,344148
2026-05-09T15:22:17,2026-05-09T10:22:17,no_trip,577,0.0,cold_start,idle,,,,,,,,,,,,,,,,,,,010B,NO DATA,no_data,critical,0.1.0,344148
2026-05-09T15:22:18,2026-05-09T10:22:18,no_trip,578,0.0,cold_start,idle,,,,,,,,,,,,,,,,,,,010D,NO DATA,no_data,critical,0.1.0,344148
2026-05-09T15:22:18,2026-05-09T10:22:18,no_trip,579,0.0,cold_start,idle,,,,,,,,,,,,,,,,,,,0105,NO DATA,no_data,critical,0.1.0,344148
2026-05-09T15:22:18,2026-05-09T10:22:18,no_trip,580,0.0,cold_start,idle,,,,,,,,,,,,,,,,,,,010C,NO DATA,no_data,critical,0.1.0,344148
2026-05-09T15:22:20,2026-05-09T10:22:20,no_trip,581,0.0,cold_start,idle,,,,,,,,,,,,,,,,,,,010B,NO DATA,no_data,critical,0.1.0,344148
2026-05-09T15:22:20,2026-05-09T10:22:20,no_trip,582,0.0,cold_start,idle,,,,,,,,,,,,,,,,,,,010D,NO DATA,no_data,critical,0.1.0,344148
2026-05-09T15:22:20,2026-05-09T10:22:20,no_trip,583,0.0,cold_start,idle,,,,,,,,,,,,,,,,,,,0105,NO DATA,no_data,critical,0.1.0,344148
2026-05-09T15:22:20,2026-05-09T10:22:20,no_trip,584,0.0,cold_start,idle,,,,,,,,,,,,,,,,,,,010C,NO DATA,no_data,critical,0.1.0,344148
2026-05-09T15:22:22,2026-05-09T10:22:22,no_trip,585,0.0,cold_start,idle,,,,,,,,,,,,,,,,,,,010B,NO DATA,no_data,critical,0.1.0,344148
2026-05-09T15:22:22,2026-05-09T10:22:22,no_trip,586,0.0,cold_start,idle,,,,,,,,,,,,,,,,,,,010D,NO DATA,no_data,critical,0.1.0,344148
2026-05-09T15:22:22,2026-05-09T10:22:22,no_trip,587,0.0,cold_start,idle,,,,,,,,,,,,,,,,,,,0105,NO DATA,no_data,critical,0.1.0,344148
2026-05-09T15:22:22,2026-05-09T10:22:22,no_trip,588,0.0,cold_start,idle,,,,,,,,,,,,,,,,,,,010C,NO DATA,no_data,critical,0.1.0,344148
2026-05-09T15:22:24,2026-05-09T10:22:24,no_trip,589,0.0,cold_start,idle,,,,,,,,,,,,,,,,,,,010B,NO DATA,no_data,critical,0.1.0,344148
2026-05-09T15:22:24,2026-05-09T10:22:24,no_trip,590,0.0,cold_start,idle,,,,,,,,,,,,,,,,,,,010D,NO DATA,no_data,critical,0.1.0,344148
2026-05-09T15:22:24,2026-05-09T10:22:24,no_trip,591,0.0,cold_start,idle,,,,,,,,,,,,,,,,,,,0105,NO DATA,no_data,critical,0.1.0,344148
2026-05-09T15:22:25,2026-05-09T10:22:25,no_trip,592,0.0,cold_start,idle,,,,,,,,,,,,,,,,,,,010C,NO DATA,no_data,critical,0.1.0,344148
2026-05-09T15:22:26,2026-05-09T10:22:26,no_trip,593,0.0,cold_start,idle,,,,,,,,,,,,,,,,,,,010B,NO DATA,no_data,critical,0.1.0,344148
2026-05-09T15:22:26,2026-05-09T10:22:26,no_trip,594,0.0,cold_start,idle,,,,,,,,,,,,,,,,,,,010D,NO DATA,no_data,critical,0.1.0,344148
2026-05-09T15:22:26,2026-05-09T10:22:26,no_trip,595,0.0,cold_start,idle,,,,,,,,,,,,,,,,,,,0105,NO DATA,no_data,critical,0.1.0,344148
2026-05-09T15:22:27,2026-05-09T10:22:27,no_trip,596,0.0,cold_start,idle,,,,,,,,,,,,,,,,,,,010C,NO DATA,no_data,critical,0.1.0,344148
2026-05-09T15:22:28,2026-05-09T10:22:28,no_trip,597,0.0,cold_start,idle,,,,,,,,,,,,,,,,,,,010B,NO DATA,no_data,critical,0.1.0,344148
2026-05-09T15:22:28,2026-05-09T10:22:28,no_trip,598,0.0,cold_start,idle,,,,,,,,,,,,,,,,,,,010D,NO DATA,no_data,critical,0.1.0,344148
2026-05-09T15:22:28,2026-05-09T10:22:28,no_trip,599,0.0,cold_start,idle,,,,,,,,,,,,,,,,,,,0105,NO DATA,no_data,critical,0.1.0,344148
2026-05-09T15:22:29,2026-05-09T10:22:29,no_trip,600,0.0,cold_start,idle,,,,,,,,,,,,,,,,,,,010C,NO DATA,no_data,critical,0.1.0,344148
2026-05-09T15:22:30,2026-05-09T10:22:30,no_trip,601,0.0,cold_start,idle,,,,,,,,,,,,,,,,,,,010B,NO DATA,no_data,critical,0.1.0,344148
2026-05-09T15:22:30,2026-05-09T10:22:30,no_trip,602,0.0,cold_start,idle,,,,,,,,,,,,,,,,,,,010D,NO DATA,no_data,critical,0.1.0,344148
2026-05-09T15:22:31,2026-05-09T10:22:31,no_trip,603,0.0,cold_start,idle,,,,,,,,,,,,,,,,,,,0105,NO DATA,no_data,critical,0.1.0,344148
2026-05-09T15:22:31,2026-05-09T10:22:31,no_trip,604,0.0,cold_start,idle,,,,,,,,,,,,,,,,,,,010C,NO DATA,no_data,critical,0.1.0,344148
2026-05-09T15:22:32,2026-05-09T10:22:32,no_trip,605,0.0,cold_start,idle,,,,,,,,,,,,,,,,,,,010B,NO DATA,no_data,critical,0.1.0,344148
2026-05-09T15:22:33,2026-05-09T10:22:33,no_trip,606,0.0,cold_start,idle,,,,,,,,,,,,,,,,,,,010D,NO DATA,no_data,critical,0.1.0,344148
2026-05-09T15:22:33,2026-05-09T10:22:33,no_trip,607,0.0,cold_start,idle,,,,,,,,,,,,,,,,,,,0105,NO DATA,no_data,critical,0.1.0,344148
2026-05-09T15:22:33,2026-05-09T10:22:33,no_trip,608,0.0,cold_start,idle,,,,,,,,,,,,,,,,,,,010C,NO DATA,no_data,critical,0.1.0,344148
2026-05-09T15:22:34,2026-05-09T10:22:34,no_trip,609,0.0,cold_start,idle,,,,,,,,,,,,,,,,,,,010B,NO DATA,no_data,critical,0.1.0,344148
2026-05-09T15:22:35,2026-05-09T10:22:35,no_trip,610,0.0,cold_start,idle,,,,,,,,,,,,,,,,,,,010D,NO DATA,no_data,critical,0.1.0,344148
2026-05-09T15:22:35,2026-05-09T10:22:35,no_trip,611,0.0,cold_start,idle,,,,,,,,,,,,,,,,,,,0105,NO DATA,no_data,critical,0.1.0,344148
2026-05-09T15:22:35,2026-05-09T10:22:35,no_trip,612,0.0,cold_start,idle,,,,,,,,,,,,,,,,,,,010C,NO DATA,no_data,critical,0.1.0,344148
2026-05-09T15:22:36,2026-05-09T10:22:36,no_trip,613,0.0,cold_start,idle,,,,,,,,,,,,,,,,,,,010B,NO DATA,no_data,critical,0.1.0,344148
2026-05-09T15:22:37,2026-05-09T10:22:37,no_trip,614,0.0,cold_start,idle,,,,,,,,,,,,,,,,,,,010D,NO DATA,no_data,critical,0.1.0,344148
2026-05-09T15:22:37,2026-05-09T10:22:37,no_trip,615,0.0,cold_start,idle,,,,,,,,,,,,,,,,,,,0105,NO DATA,no_data,critical,0.1.0,344148
2026-05-09T15:22:37,2026-05-09T10:22:37,no_trip,616,0.0,cold_start,idle,,,,,,,,,,,,,,,,,,,010C,NO DATA,no_data,critical,0.1.0,344148
2026-05-09T15:22:38,2026-05-09T10:22:38,no_trip,617,0.0,cold_start,idle,,,,,,,,,,,,,,,,,,,010B,NO DATA,no_data,critical,0.1.0,344148
2026-05-09T15:22:39,2026-05-09T10:22:39,no_trip,618,0.0,cold_start,idle,,,,,,,,,,,,,,,,,,,010D,NO DATA,no_data,critical,0.1.0,344148
2026-05-09T15:22:39,2026-05-09T10:22:39,no_trip,619,0.0,cold_start,idle,,,,,,,,,,,,,,,,,,,0105,NO DATA,no_data,critical,0.1.0,344148
2026-05-09T15:22:39,2026-05-09T10:22:39,no_trip,620,0.0,cold_start,idle,,,,,,,,,,,,,,,,,,,010C,NO DATA,no_data,critical,0.1.0,344148
2026-05-09T15:22:41,2026-05-09T10:22:41,no_trip,621,0.0,cold_start,idle,,,,,,,,,,,,,,,,,,,010B,NO DATA,no_data,critical,0.1.0,344148
2026-05-09T15:22:41,2026-05-09T10:22:41,no_trip,622,0.0,cold_start,idle,,,,,,,,,,,,,,,,,,,010D,NO DATA,no_data,critical,0.1.0,344148
2026-05-09T15:22:41,2026-05-09T10:22:41,no_trip,623,0.0,cold_start,idle,,,,,,,,,,,,,,,,,,,0105,NO DATA,no_data,critical,0.1.0,344148
2026-05-09T15:22:41,2026-05-09T10:22:41,no_trip,624,0.0,cold_start,idle,,,,,,,,,,,,,,,,,,,010C,NO DATA,no_data,critical,0.1.0,344148
2026-05-09T15:22:43,2026-05-09T10:22:43,no_trip,625,0.0,cold_start,idle,,,,,,,,,,,,,,,,,,,010B,NO DATA,no_data,critical,0.1.0,344148
2026-05-09T15:22:43,2026-05-09T10:22:43,no_trip,626,0.0,cold_start,idle,,,,,,,,,,,,,,,,,,,010D,NO DATA,no_data,critical,0.1.0,344148
2026-05-09T15:22:43,2026-05-09T10:22:43,no_trip,627,0.0,cold_start,idle,,,,,,,,,,,,,,,,,,,0105,NO DATA,no_data,critical,0.1.0,344148
2026-05-09T15:22:43,2026-05-09T10:22:43,no_trip,628,0.0,cold_start,idle,,,,,,,,,,,,,,,,,,,010C,NO DATA,no_data,critical,0.1.0,344148
2026-05-09T15:22:45,2026-05-09T10:22:45,no_trip,629,0.0,cold_start,idle,,,,,,,,,,,,,,,,,,,010B,NO DATA,no_data,critical,0.1.0,344148
2026-05-09T15:22:45,2026-05-09T10:22:45,no_trip,630,0.0,cold_start,idle,,,,,,,,,,,,,,,,,,,010D,NO DATA,no_data,critical,0.1.0,344148
2026-05-09T15:22:45,2026-05-09T10:22:45,no_trip,631,0.0,cold_start,idle,,,,,,,,,,,,,,,,,,,0105,NO DATA,no_data,critical,0.1.0,344148
2026-05-09T15:22:46,2026-05-09T10:22:46,no_trip,632,0.0,cold_start,idle,,,,,,,,,,,,,,,,,,,010C,NO DATA,no_data,critical,0.1.0,344148
2026-05-09T15:22:47,2026-05-09T10:22:47,no_trip,633,0.0,cold_start,idle,,,,,,,,,,,,,,,,,,,010B,NO DATA,no_data,critical,0.1.0,344148
2026-05-09T15:22:47,2026-05-09T10:22:47,no_trip,634,0.0,cold_start,idle,,,,,,,,,,,,,,,,,,,010D,NO DATA,no_data,critical,0.1.0,344148
2026-05-09T15:22:47,2026-05-09T10:22:47,no_trip,635,0.0,cold_start,idle,,,,,,,,,,,,,,,,,,,0105,NO DATA,no_data,critical,0.1.0,344148
2026-05-09T15:22:48,2026-05-09T10:22:48,no_trip,636,0.0,cold_start,idle,,,,,,,,,,,,,,,,,,,010C,NO DATA,no_data,critical,0.1.0,344148
2026-05-09T15:22:49,2026-05-09T10:22:49,no_trip,637,0.0,cold_start,idle,,,,,,,,,,,,,,,,,,,010B,NO DATA,no_data,critical,0.1.0,344148
2026-05-09T15:22:49,2026-05-09T10:22:49,no_trip,638,0.0,cold_start,idle,,,,,,,,,,,,,,,,,,,010D,NO DATA,no_data,critical,0.1.0,344148
2026-05-09T15:22:49,2026-05-09T10:22:49,no_trip,639,0.0,cold_start,idle,,,,,,,,,,,,,,,,,,,0105,NO DATA,no_data,critical,0.1.0,344148
2026-05-09T15:22:50,2026-05-09T10:22:50,no_trip,640,0.0,cold_start,idle,,,,,,,,,,,,,,,,,,,010C,NO DATA,no_data,critical,0.1.0,344148
2026-05-09T15:22:51,2026-05-09T10:22:51,no_trip,641,0.0,cold_start,idle,,,,,,,,,,,,,,,,,,,010B,NO DATA,no_data,critical,0.1.0,344148
2026-05-09T15:22:51,2026-05-09T10:22:51,no_trip,642,0.0,cold_start,idle,,,,,,,,,,,,,,,,,,,010D,NO DATA,no_data,critical,0.1.0,344148
2026-05-09T15:22:52,2026-05-09T10:22:52,no_trip,643,0.0,cold_start,idle,,,,,,,,,,,,,,,,,,,0105,NO DATA,no_data,critical,0.1.0,344148
2026-05-09T15:22:52,2026-05-09T10:22:52,no_trip,644,0.0,cold_start,idle,,,,,,,,,,,,,,,,,,,010C,NO DATA,no_data,critical,0.1.0,344148
2026-05-09T15:22:53,2026-05-09T10:22:53,no_trip,645,0.0,cold_start,idle,,,,,,,,,,,,,,,,,,,010B,NO DATA,no_data,critical,0.1.0,344148
2026-05-09T15:22:53,2026-05-09T10:22:53,no_trip,646,0.0,cold_start,idle,,,,,,,,,,,,,,,,,,,010D,NO DATA,no_data,critical,0.1.0,344148
2026-05-09T15:22:54,2026-05-09T10:22:54,no_trip,647,0.0,cold_start,idle,,,,,,,,,,,,,,,,,,,0105,NO DATA,no_data,critical,0.1.0,344148
2026-05-09T15:22:54,2026-05-09T10:22:54,no_trip,648,0.0,cold_start,idle,,,,,,,,,,,,,,,,,,,010C,NO DATA,no_data,critical,0.1.0,344148
2026-05-09T15:22:55,2026-05-09T10:22:55,no_trip,649,0.0,cold_start,idle,,,,,,,,,,,,,,,,,,,010B,NO DATA,no_data,critical,0.1.0,344148
2026-05-09T15:22:55,2026-05-09T10:22:55,no_trip,650,0.0,cold_start,idle,,,,,,,,,,,,,,,,,,,010D,NO DATA,no_data,critical,0.1.0,344148
2026-05-09T15:22:56,2026-05-09T10:22:56,no_trip,651,0.0,cold_start,idle,,,,,,,,,,,,,,,,,,,0105,NO DATA,no_data,critical,0.1.0,344148
2026-05-09T15:22:56,2026-05-09T10:22:56,no_trip,652,0.0,cold_start,idle,,,,,,,,,,,,,,,,,,,010C,NO DATA,no_data,critical,0.1.0,344148
2026-05-09T15:22:58,2026-05-09T10:22:58,no_trip,653,0.0,cold_start,idle,,,,,,,,,,,,,,,,,,,010B,NO DATA,no_data,critical,0.1.0,344148
2026-05-09T15:22:58,2026-05-09T10:22:58,no_trip,654,0.0,cold_start,idle,,,,,,,,,,,,,,,,,,,010D,NO DATA,no_data,critical,0.1.0,344148
2026-05-09T15:22:58,2026-05-09T10:22:58,no_trip,655,0.0,cold_start,idle,,,,,,,,,,,,,,,,,,,0105,NO DATA,no_data,critical,0.1.0,344148
2026-05-09T15:22:58,2026-05-09T10:22:58,no_trip,656,0.0,cold_start,idle,,,,,,,,,,,,,,,,,,,010C,NO DATA,no_data,critical,0.1.0,344148
2026-05-09T15:23:00,2026-05-09T10:23:00,no_trip,657,0.0,cold_start,idle,,,,,,,,,,,,,,,,,,,010B,NO DATA,no_data,critical,0.1.0,344148
2026-05-09T15:23:00,2026-05-09T10:23:00,no_trip,658,0.0,cold_start,idle,,,,,,,,,,,,,,,,,,,010D,NO DATA,no_data,critical,0.1.0,344148
2026-05-09T15:23:00,2026-05-09T10:23:00,no_trip,659,0.0,cold_start,idle,,,,,,,,,,,,,,,,,,,0105,NO DATA,no_data,critical,0.1.0,344148
2026-05-09T15:23:00,2026-05-09T10:23:00,no_trip,660,0.0,cold_start,idle,,,,,,,,,,,,,,,,,,,010C,NO DATA,no_data,critical,0.1.0,344148
2026-05-09T15:23:02,2026-05-09T10:23:02,no_trip,661,0.0,cold_start,idle,,,,,,,,,,,,,,,,,,,010B,NO DATA,no_data,critical,0.1.0,344148
2026-05-09T15:23:02,2026-05-09T10:23:02,no_trip,662,0.0,cold_start,idle,,,,,,,,,,,,,,,,,,,010D,NO DATA,no_data,critical,0.1.0,344148
2026-05-09T15:23:02,2026-05-09T10:23:02,no_trip,663,0.0,cold_start,idle,,,,,,,,,,,,,,,,,,,0105,NO DATA,no_data,critical,0.1.0,344148
2026-05-09T15:23:03,2026-05-09T10:23:03,no_trip,664,0.0,cold_start,idle,,,,,,,,,,,,,,,,,,,010C,NO DATA,no_data,critical,0.1.0,344148
2026-05-09T15:23:04,2026-05-09T10:23:04,no_trip,665,0.0,cold_start,idle,,,,,,,,,,,,,,,,,,,010B,NO DATA,no_data,critical,0.1.0,344148
2026-05-09T15:23:04,2026-05-09T10:23:04,no_trip,666,0.0,cold_start,idle,,,,,,,,,,,,,,,,,,,010D,NO DATA,no_data,critical,0.1.0,344148
2026-05-09T15:23:04,2026-05-09T10:23:04,no_trip,667,0.0,cold_start,idle,,,,,,,,,,,,,,,,,,,0105,NO DATA,no_data,critical,0.1.0,344148
2026-05-09T15:23:05,2026-05-09T10:23:05,no_trip,668,0.0,cold_start,idle,,,,,,,,,,,,,,,,,,,010C,NO DATA,no_data,critical,0.1.0,344148
2026-05-09T15:23:06,2026-05-09T10:23:06,no_trip,669,0.0,cold_start,idle,,,,,,,,,,,,,,,,,,,010B,NO DATA,no_data,critical,0.1.0,344148
2026-05-09T15:23:06,2026-05-09T10:23:06,no_trip,670,0.0,cold_start,idle,,,,,,,,,,,,,,,,,,,010D,NO DATA,no_data,critical,0.1.0,344148
2026-05-09T15:23:06,2026-05-09T10:23:06,no_trip,671,0.0,cold_start,idle,,,,,,,,,,,,,,,,,,,0105,NO DATA,no_data,critical,0.1.0,344148
2026-05-09T15:23:07,2026-05-09T10:23:07,no_trip,672,0.0,cold_start,idle,,,,,,,,,,,,,,,,,,,010C,NO DATA,no_data,critical,0.1.0,344148
2026-05-09T15:23:08,2026-05-09T10:23:08,no_trip,673,0.0,cold_start,idle,,,,,,,,,,,,,,,,,,,010B,NO DATA,no_data,critical,0.1.0,344148
2026-05-09T15:23:08,2026-05-09T10:23:08,no_trip,674,0.0,cold_start,idle,,,,,,,,,,,,,,,,,,,010D,NO DATA,no_data,critical,0.1.0,344148
2026-05-09T15:23:09,2026-05-09T10:23:09,no_trip,675,0.0,cold_start,idle,,,,,,,,,,,,,,,,,,,0105,NO DATA,no_data,critical,0.1.0,344148
2026-05-09T15:23:09,2026-05-09T10:23:09,no_trip,676,0.0,cold_start,idle,,,,,,,,,,,,,,,,,,,010C,NO DATA,no_data,critical,0.1.0,344148
2026-05-09T15:23:10,2026-05-09T10:23:10,no_trip,677,0.0,cold_start,idle,,,,,,,,,,,,,,,,,,,010B,NO DATA,no_data,critical,0.1.0,344148
2026-05-09T15:23:10,2026-05-09T10:23:10,no_trip,678,0.0,cold_start,idle,,,,,,,,,,,,,,,,,,,010D,NO DATA,no_data,critical,0.1.0,344148
2026-05-09T15:23:11,2026-05-09T10:23:11,no_trip,679,0.0,cold_start,idle,,,,,,,,,,,,,,,,,,,0105,NO DATA,no_data,critical,0.1.0,344148
2026-05-09T15:23:11,2026-05-09T10:23:11,no_trip,680,0.0,cold_start,idle,,,,,,,,,,,,,,,,,,,010C,NO DATA,no_data,critical,0.1.0,344148
2026-05-09T15:23:12,2026-05-09T10:23:12,no_trip,681,0.0,cold_start,idle,,,,,,,,,,,,,,,,,,,010B,NO DATA,no_data,critical,0.1.0,344148
2026-05-09T15:23:12,2026-05-09T10:23:12,no_trip,682,0.0,cold_start,idle,,,,,,,,,,,,,,,,,,,010D,NO DATA,no_data,critical,0.1.0,344148
2026-05-09T15:23:13,2026-05-09T10:23:13,no_trip,683,0.0,cold_start,idle,,,,,,,,,,,,,,,,,,,0105,NO DATA,no_data,critical,0.1.0,344148
2026-05-09T15:23:13,2026-05-09T10:23:13,no_trip,684,0.0,cold_start,idle,,,,,,,,,,,,,,,,,,,010C,NO DATA,no_data,critical,0.1.0,344148
2026-05-09T15:23:14,2026-05-09T10:23:14,no_trip,685,0.0,cold_start,idle,,,,,,,,,,,,,,,,,,,010B,NO DATA,no_data,critical,0.1.0,344148
2026-05-09T15:23:15,2026-05-09T10:23:15,no_trip,686,0.0,cold_start,idle,,,,,,,,,,,,,,,,,,,010D,NO DATA,no_data,critical,0.1.0,344148
2026-05-09T15:23:15,2026-05-09T10:23:15,no_trip,687,0.0,cold_start,idle,,,,,,,,,,,,,,,,,,,0105,NO DATA,no_data,critical,0.1.0,344148
2026-05-09T15:23:15,2026-05-09T10:23:15,no_trip,688,0.0,cold_start,idle,,,,,,,,,,,,,,,,,,,010C,NO DATA,no_data,critical,0.1.0,344148
2026-05-09T15:23:16,2026-05-09T10:23:16,no_trip,689,0.0,cold_start,idle,,,,,,,,,,,,,,,,,,,010B,NO DATA,no_data,critical,0.1.0,344148
2026-05-09T15:23:17,2026-05-09T10:23:17,no_trip,690,0.0,cold_start,idle,,,,,,,,,,,,,,,,,,,010D,NO DATA,no_data,critical,0.1.0,344148
2026-05-09T15:23:17,2026-05-09T10:23:17,no_trip,691,0.0,cold_start,idle,,,,,,,,,,,,,,,,,,,0105,NO DATA,no_data,critical,0.1.0,344148
2026-05-09T15:23:17,2026-05-09T10:23:17,no_trip,692,0.0,cold_start,idle,,,,,,,,,,,,,,,,,,,010C,NO DATA,no_data,critical,0.1.0,344148
2026-05-09T15:23:18,2026-05-09T10:23:18,no_trip,693,0.0,cold_start,idle,,,,,,,,,,,,,,,,,,,010B,NO DATA,no_data,critical,0.1.0,344148
2026-05-09T15:23:19,2026-05-09T10:23:19,no_trip,694,0.0,cold_start,idle,,,,,,,,,,,,,,,,,,,010D,NO DATA,no_data,critical,0.1.0,344148
2026-05-09T15:23:19,2026-05-09T10:23:19,no_trip,695,0.0,cold_start,idle,,,,,,,,,,,,,,,,,,,0105,NO DATA,no_data,critical,0.1.0,344148
2026-05-09T15:23:19,2026-05-09T10:23:19,no_trip,696,0.0,cold_start,idle,,,,,,,,,,,,,,,,,,,010C,NO DATA,no_data,critical,0.1.0,344148
2026-05-09T15:23:21,2026-05-09T10:23:21,no_trip,697,0.0,cold_start,idle,,,,,,,,,,,,,,,,,,,010B,NO DATA,no_data,critical,0.1.0,344148
2026-05-09T15:23:21,2026-05-09T10:23:21,no_trip,698,0.0,cold_start,idle,,,,,,,,,,,,,,,,,,,010D,NO DATA,no_data,critical,0.1.0,344148
2026-05-09T15:23:21,2026-05-09T10:23:21,no_trip,699,0.0,cold_start,idle,,,,,,,,,,,,,,,,,,,0105,NO DATA,no_data,critical,0.1.0,344148
2026-05-09T15:23:21,2026-05-09T10:23:21,no_trip,700,0.0,cold_start,idle,,,,,,,,,,,,,,,,,,,010C,NO DATA,no_data,critical,0.1.0,344148
